concept_id,concept_name,domain_id,vocabulary_id,concept_class_id,standard_concept,concept_code,valid_start_date,valid_end_date,invalid_reason
921184241,"TANESPIMYCIN (17-AAG, KOS-953)",Drug,IDB Investigative Drug,NA,NA,NA,2020-09-21,2099-12-31,NA
921184242,"ALVESPIMYCIN (17-DMAG, KOS-1022)",Drug,IDB Investigative Drug,NA,NA,NA,2020-09-21,2099-12-31,NA
921184243,3F8 MOAB,Drug,IDB Investigative Drug,NA,NA,NA,2020-09-21,2099-12-31,NA
921184244,4-HYDROPEROXY-CYCLOPHOSPHAMIDE,Drug,IDB Investigative Drug,NA,NA,NA,2020-09-21,2099-12-31,NA
921184245,MELPHALAN,Drug,IDB Investigative Drug,NA,NA,NA,2020-09-21,2099-12-31,NA
921184246,9-AMINOCAMPTOTHECIN,Drug,IDB Investigative Drug,NA,NA,NA,2020-09-21,2099-12-31,NA
921184247,9-O-ACETYL GD3KLH,Drug,IDB Investigative Drug,NA,NA,NA,2020-09-21,2099-12-31,NA
921184248,A1G4,Drug,IDB Investigative Drug,NA,NA,NA,2020-09-21,2099-12-31,NA
921184249,A33 MOAB,Drug,IDB Investigative Drug,NA,NA,NA,2020-09-21,2099-12-31,NA
921184250,AAFC,Drug,IDB Investigative Drug,NA,NA,NA,2020-09-21,2099-12-31,NA
921184251,AB122,Drug,IDB Investigative Drug,NA,NA,NA,2020-09-21,2099-12-31,NA
921184252,AB680,Drug,IDB Investigative Drug,NA,NA,NA,2020-09-21,2099-12-31,NA
921184253,AB928,Drug,IDB Investigative Drug,NA,NA,NA,2020-09-21,2099-12-31,NA
921184254,ABAGOVOMAB (ACA-125),Drug,IDB Investigative Drug,NA,NA,NA,2020-09-21,2099-12-31,NA
921184255,ABARELIX,Drug,IDB Investigative Drug,NA,NA,NA,2020-09-21,2099-12-31,NA
921184256,ABEMACICLIB,Drug,IDB Investigative Drug,NA,NA,NA,2020-09-21,2099-12-31,NA
921184257,ABEXINOSTAT,Drug,IDB Investigative Drug,NA,NA,NA,2020-09-21,2099-12-31,NA
921184258,PACLITAXEL PROTEIN-BOUND,Drug,IDB Investigative Drug,NA,NA,NA,2020-09-21,2099-12-31,NA
921184259,ABIRATERONE,Drug,IDB Investigative Drug,NA,NA,NA,2020-09-21,2099-12-31,NA
921184260,ASCIMINIB (ABL001),Drug,IDB Investigative Drug,NA,NA,NA,2020-09-21,2099-12-31,NA
921184261,VENETOCLAX,Drug,IDB Investigative Drug,NA,NA,NA,2020-09-21,2099-12-31,NA
921184262,NAVITOCLAX (ABT-263),Drug,IDB Investigative Drug,NA,NA,NA,2020-09-21,2099-12-31,NA
921184263,VELIPARIB (ABT-888),Drug,IDB Investigative Drug,NA,NA,NA,2020-09-21,2099-12-31,NA
921184264,QUIZARTINIB (AC220),Drug,IDB Investigative Drug,NA,NA,NA,2020-09-21,2099-12-31,NA
921184265,AC480IV (AC013480),Drug,IDB Investigative Drug,NA,NA,NA,2020-09-21,2099-12-31,NA
921184267,ACALABRUTINIB,Drug,IDB Investigative Drug,NA,NA,NA,2020-09-21,2099-12-31,NA
921184268,AD-E6E7,Drug,IDB Investigative Drug,NA,NA,NA,2020-09-21,2099-12-31,NA
921184269,AD-RTS-HIL-12,Drug,IDB Investigative Drug,NA,NA,NA,2020-09-21,2099-12-31,NA
921184270,CAMIDANLUMAB TESIRINE (ADCT-301),Drug,IDB Investigative Drug,NA,NA,NA,2020-09-21,2099-12-31,NA
921184271,ADCT-502,Drug,IDB Investigative Drug,NA,NA,NA,2020-09-21,2099-12-31,NA
921184272,ADI-PEG 20,Drug,IDB Investigative Drug,NA,NA,NA,2020-09-21,2099-12-31,NA
921184273,ADO-TRASTUZUMAB EMTANSINE,Drug,IDB Investigative Drug,NA,NA,NA,2020-09-21,2099-12-31,NA
921184274,ADOZELESIN,Drug,IDB Investigative Drug,NA,NA,NA,2020-09-21,2099-12-31,NA
921184275,AEB071,Drug,IDB Investigative Drug,NA,NA,NA,2020-09-21,2099-12-31,NA
921184276,AF0144,Drug,IDB Investigative Drug,NA,NA,NA,2020-09-21,2099-12-31,NA
921184277,AFATINIB,Drug,IDB Investigative Drug,NA,NA,NA,2020-09-21,2099-12-31,NA
921184278,AXITINIB,Drug,IDB Investigative Drug,NA,NA,NA,2020-09-21,2099-12-31,NA
921184279,IVOSIDENIB,Drug,IDB Investigative Drug,NA,NA,NA,2020-09-21,2099-12-31,NA
921184280,ENASIDENIB,Drug,IDB Investigative Drug,NA,NA,NA,2020-09-21,2099-12-31,NA
921184281,AG-270,Drug,IDB Investigative Drug,NA,NA,NA,2020-09-21,2099-12-31,NA
921184282,AG-636,Drug,IDB Investigative Drug,NA,NA,NA,2020-09-21,2099-12-31,NA
921184283,AG-881,Drug,IDB Investigative Drug,NA,NA,NA,2020-09-21,2099-12-31,NA
921184284,AG2037,Drug,IDB Investigative Drug,NA,NA,NA,2020-09-21,2099-12-31,NA
921184285,AGS-16C3F,Drug,IDB Investigative Drug,NA,NA,NA,2020-09-21,2099-12-31,NA
921184286,AGS-16M18,Drug,IDB Investigative Drug,NA,NA,NA,2020-09-21,2099-12-31,NA
921184287,AGS-16M8F,Drug,IDB Investigative Drug,NA,NA,NA,2020-09-21,2099-12-31,NA
921184288,AGS-1C4D4,Drug,IDB Investigative Drug,NA,NA,NA,2020-09-21,2099-12-31,NA
921184289,AGS-22M6E,Drug,IDB Investigative Drug,NA,NA,NA,2020-09-21,2099-12-31,NA
921184290,AGS-8M4,Drug,IDB Investigative Drug,NA,NA,NA,2020-09-21,2099-12-31,NA
921184291,AGS-PSCA,Drug,IDB Investigative Drug,NA,NA,NA,2020-09-21,2099-12-31,NA
921184292,AL101 (BMS-906024),Drug,IDB Investigative Drug,NA,NA,NA,2020-09-21,2099-12-31,NA
921184293,ALDESLEUKIN,Drug,IDB Investigative Drug,NA,NA,NA,2020-09-21,2099-12-31,NA
921184294,ALECTINIB,Drug,IDB Investigative Drug,NA,NA,NA,2020-09-21,2099-12-31,NA
921184295,ALEMTUZUMAB,Drug,IDB Investigative Drug,NA,NA,NA,2020-09-21,2099-12-31,NA
921184296,ALISERTIB (MLN8237),Drug,IDB Investigative Drug,NA,NA,NA,2020-09-21,2099-12-31,NA
921184297,ALITRETINOIN,Drug,IDB Investigative Drug,NA,NA,NA,2020-09-21,2099-12-31,NA
921184300,ALLO-647,Drug,IDB Investigative Drug,NA,NA,NA,2020-09-21,2099-12-31,NA
921184301,ALN-VSP02,Drug,IDB Investigative Drug,NA,NA,NA,2020-09-21,2099-12-31,NA
921184302,ALPELISIB,Drug,IDB Investigative Drug,NA,NA,NA,2020-09-21,2099-12-31,NA
921184303,ALRN-6924,Drug,IDB Investigative Drug,NA,NA,NA,2020-09-21,2099-12-31,NA
921184304,ALRT1550,Drug,IDB Investigative Drug,NA,NA,NA,2020-09-21,2099-12-31,NA
921184305,ALTIRATINIB (DCC-2701),Drug,IDB Investigative Drug,NA,NA,NA,2020-09-21,2099-12-31,NA
921184306,LY3500518 (AM0010),Drug,IDB Investigative Drug,NA,NA,NA,2020-09-21,2099-12-31,NA
921184307,AMD3100,Drug,IDB Investigative Drug,NA,NA,NA,2020-09-21,2099-12-31,NA
921184308,AMG 160,Drug,IDB Investigative Drug,NA,NA,NA,2020-09-21,2099-12-31,NA
921184309,JSP191 (AMG 191),Drug,IDB Investigative Drug,NA,NA,NA,2020-09-21,2099-12-31,NA
921184310,AMG 224,Drug,IDB Investigative Drug,NA,NA,NA,2020-09-21,2099-12-31,NA
921184311,AMG 337,Drug,IDB Investigative Drug,NA,NA,NA,2020-09-21,2099-12-31,NA
921184312,AMG 397,Drug,IDB Investigative Drug,NA,NA,NA,2020-09-21,2099-12-31,NA
921184313,AMG 420,Drug,IDB Investigative Drug,NA,NA,NA,2020-09-21,2099-12-31,NA
921184314,AMG 427,Drug,IDB Investigative Drug,NA,NA,NA,2020-09-21,2099-12-31,NA
921184315,GANITUMAB (AMG 479),Drug,IDB Investigative Drug,NA,NA,NA,2020-09-21,2099-12-31,NA
921184316,AMG 510,Drug,IDB Investigative Drug,NA,NA,NA,2020-09-21,2099-12-31,NA
921184317,AMG 596,Drug,IDB Investigative Drug,NA,NA,NA,2020-09-21,2099-12-31,NA
921184318,AMG 757,Drug,IDB Investigative Drug,NA,NA,NA,2020-09-21,2099-12-31,NA
921184319,TREBANANIB (AMG-386),Drug,IDB Investigative Drug,NA,NA,NA,2020-09-21,2099-12-31,NA
921184320,AMG232,Drug,IDB Investigative Drug,NA,NA,NA,2020-09-21,2099-12-31,NA
921184321,NILOTINIB,Drug,IDB Investigative Drug,NA,NA,NA,2020-09-21,2099-12-31,NA
921184322,ANASTROZOLE,Drug,IDB Investigative Drug,NA,NA,NA,2020-09-21,2099-12-31,NA
921184323,ANTI-B1,Drug,IDB Investigative Drug,NA,NA,NA,2020-09-21,2099-12-31,NA
921184324,ANTI-OX40,Drug,IDB Investigative Drug,NA,NA,NA,2020-09-21,2099-12-31,NA
921184325,ANTINEOPLASTON A10,Drug,IDB Investigative Drug,NA,NA,NA,2020-09-21,2099-12-31,NA
921184326,ANTINEOPLASTON AS2-1,Drug,IDB Investigative Drug,NA,NA,NA,2020-09-21,2099-12-31,NA
921184327,ANTITRANSFERRIN,Drug,IDB Investigative Drug,NA,NA,NA,2020-09-21,2099-12-31,NA
921184328,TAK-788 (AP32788),Drug,IDB Investigative Drug,NA,NA,NA,2020-09-21,2099-12-31,NA
921184329,APALUTAMIDE,Drug,IDB Investigative Drug,NA,NA,NA,2020-09-21,2099-12-31,NA
921184330,APR-246,Drug,IDB Investigative Drug,NA,NA,NA,2020-09-21,2099-12-31,NA
921184332,"BRILANESTRANT (GDC-0810, ARN-810)",Drug,IDB Investigative Drug,NA,NA,NA,2020-09-21,2099-12-31,NA
921184333,ARQ 092,Drug,IDB Investigative Drug,NA,NA,NA,2020-09-21,2099-12-31,NA
921184334,ARQ 197,Drug,IDB Investigative Drug,NA,NA,NA,2020-09-21,2099-12-31,NA
921184335,ARQ 501,Drug,IDB Investigative Drug,NA,NA,NA,2020-09-21,2099-12-31,NA
921184336,ARRY-520,Drug,IDB Investigative Drug,NA,NA,NA,2020-09-21,2099-12-31,NA
921184337,ARSENIC TRIOXIDE,Drug,IDB Investigative Drug,NA,NA,NA,2020-09-21,2099-12-31,NA
921184339,ENFORTUMAB VEDOTIN,Drug,IDB Investigative Drug,NA,NA,NA,2020-09-21,2099-12-31,NA
921184340,ASG-5ME,Drug,IDB Investigative Drug,NA,NA,NA,2020-09-21,2099-12-31,NA
921184341,ASP1650,Drug,IDB Investigative Drug,NA,NA,NA,2020-09-21,2099-12-31,NA
921184342,GILTERITINIB,Drug,IDB Investigative Drug,NA,NA,NA,2020-09-21,2099-12-31,NA
921184343,ASP8273,Drug,IDB Investigative Drug,NA,NA,NA,2020-09-21,2099-12-31,NA
921184344,ASPARAGINASE ERWINIA CHRYSANTHEMI,Drug,IDB Investigative Drug,NA,NA,NA,2020-09-21,2099-12-31,NA
921184345,AST-008,Drug,IDB Investigative Drug,NA,NA,NA,2020-09-21,2099-12-31,NA
921184346,AT-101,Drug,IDB Investigative Drug,NA,NA,NA,2020-09-21,2099-12-31,NA
921184347,AT-406,Drug,IDB Investigative Drug,NA,NA,NA,2020-09-21,2099-12-31,NA
921184348,AT13387,Drug,IDB Investigative Drug,NA,NA,NA,2020-09-21,2099-12-31,NA
921184349,AT7519M,Drug,IDB Investigative Drug,NA,NA,NA,2020-09-21,2099-12-31,NA
921184350,ATEZOLIZUMAB,Drug,IDB Investigative Drug,NA,NA,NA,2020-09-21,2099-12-31,NA
921184351,ATN-224,Drug,IDB Investigative Drug,NA,NA,NA,2020-09-21,2099-12-31,NA
921184352,AUY922,Drug,IDB Investigative Drug,NA,NA,NA,2020-09-21,2099-12-31,NA
921184353,TIVOZANIB (AV-951),Drug,IDB Investigative Drug,NA,NA,NA,2020-09-21,2099-12-31,NA
921184354,AVAPRITINIB,Drug,IDB Investigative Drug,NA,NA,NA,2020-09-21,2099-12-31,NA
921184355,AVELUMAB,Drug,IDB Investigative Drug,NA,NA,NA,2020-09-21,2099-12-31,NA
921184356,AXICABTAGENE CILOLEUCEL,Drug,IDB Investigative Drug,NA,NA,NA,2020-09-21,2099-12-31,NA
921184358,AZACITIDINE,Drug,IDB Investigative Drug,NA,NA,NA,2020-09-21,2099-12-31,NA
921184359,AZD0156,Drug,IDB Investigative Drug,NA,NA,NA,2020-09-21,2099-12-31,NA
921184360,AZD0530,Drug,IDB Investigative Drug,NA,NA,NA,2020-09-21,2099-12-31,NA
921184361,AZD1152,Drug,IDB Investigative Drug,NA,NA,NA,2020-09-21,2099-12-31,NA
921184362,AZD1390,Drug,IDB Investigative Drug,NA,NA,NA,2020-09-21,2099-12-31,NA
921184363,AZD1775,Drug,IDB Investigative Drug,NA,NA,NA,2020-09-21,2099-12-31,NA
921184364,CEDIRANIB (AZD2171),Drug,IDB Investigative Drug,NA,NA,NA,2020-09-21,2099-12-31,NA
921184365,OLAPARIB,Drug,IDB Investigative Drug,NA,NA,NA,2020-09-21,2099-12-31,NA
921184366,AZD4547,Drug,IDB Investigative Drug,NA,NA,NA,2020-09-21,2099-12-31,NA
921184367,AZD4877,Drug,IDB Investigative Drug,NA,NA,NA,2020-09-21,2099-12-31,NA
921184368,AZD5153,Drug,IDB Investigative Drug,NA,NA,NA,2020-09-21,2099-12-31,NA
921184369,CAPIVASERTIB (AZD5363),Drug,IDB Investigative Drug,NA,NA,NA,2020-09-21,2099-12-31,NA
921184370,AZD5438,Drug,IDB Investigative Drug,NA,NA,NA,2020-09-21,2099-12-31,NA
921184371,AZD5991,Drug,IDB Investigative Drug,NA,NA,NA,2020-09-21,2099-12-31,NA
921184372,SAVOLITINIB (AZD6094),Drug,IDB Investigative Drug,NA,NA,NA,2020-09-21,2099-12-31,NA
921184373,SELUMETINIB,Drug,IDB Investigative Drug,NA,NA,NA,2020-09-21,2099-12-31,NA
921184374,CERALASERTIB (AZD6738),Drug,IDB Investigative Drug,NA,NA,NA,2020-09-21,2099-12-31,NA
921184375,AZD7762,Drug,IDB Investigative Drug,NA,NA,NA,2020-09-21,2099-12-31,NA
921184376,AZD8055,Drug,IDB Investigative Drug,NA,NA,NA,2020-09-21,2099-12-31,NA
921184378,OSIMERTINIB,Drug,IDB Investigative Drug,NA,NA,NA,2020-09-21,2099-12-31,NA
921184379,AZD9496,Drug,IDB Investigative Drug,NA,NA,NA,2020-09-21,2099-12-31,NA
921184380,AZIRIDINYLBENZOQUINONE (AZQ),Drug,IDB Investigative Drug,NA,NA,NA,2020-09-21,2099-12-31,NA
921184381,BA3011,Drug,IDB Investigative Drug,NA,NA,NA,2020-09-21,2099-12-31,NA
921184382,BA3021,Drug,IDB Investigative Drug,NA,NA,NA,2020-09-21,2099-12-31,NA
921184383,BAY 1895344,Drug,IDB Investigative Drug,NA,NA,NA,2020-09-21,2099-12-31,NA
921184384,BAY 2402234,Drug,IDB Investigative Drug,NA,NA,NA,2020-09-21,2099-12-31,NA
921184385,SORAFENIB,Drug,IDB Investigative Drug,NA,NA,NA,2020-09-21,2099-12-31,NA
921184386,BB-2516,Drug,IDB Investigative Drug,NA,NA,NA,2020-09-21,2099-12-31,NA
921184387,BCG,Drug,IDB Investigative Drug,NA,NA,NA,2020-09-21,2099-12-31,NA
921184388,BCL201,Drug,IDB Investigative Drug,NA,NA,NA,2020-09-21,2099-12-31,NA
921184389,BDTX-189,Drug,IDB Investigative Drug,NA,NA,NA,2020-09-21,2099-12-31,NA
921184390,BEC2,Drug,IDB Investigative Drug,NA,NA,NA,2020-09-21,2099-12-31,NA
921184391,BEC2-KLH/BCG,Drug,IDB Investigative Drug,NA,NA,NA,2020-09-21,2099-12-31,NA
921184392,BELANTAMAB MAFODOTIN (GSK2857916),Drug,IDB Investigative Drug,NA,NA,NA,2020-09-21,2099-12-31,NA
921184393,BELINOSTAT,Drug,IDB Investigative Drug,NA,NA,NA,2020-09-21,2099-12-31,NA
921184394,BEMPEGALDESLEUKIN (NKTR-214),Drug,IDB Investigative Drug,NA,NA,NA,2020-09-21,2099-12-31,NA
921184395,BENDAMUSTINE,Drug,IDB Investigative Drug,NA,NA,NA,2020-09-21,2099-12-31,NA
921184396,BETA-GLUCAN,Drug,IDB Investigative Drug,NA,NA,NA,2020-09-21,2099-12-31,NA
921184397,BEVACIZUMAB,Drug,IDB Investigative Drug,NA,NA,NA,2020-09-21,2099-12-31,NA
921184398,BEXAROTENE,Drug,IDB Investigative Drug,NA,NA,NA,2020-09-21,2099-12-31,NA
921184399,BEZ235,Drug,IDB Investigative Drug,NA,NA,NA,2020-09-21,2099-12-31,NA
921184400,BFCR4350A,Drug,IDB Investigative Drug,NA,NA,NA,2020-09-21,2099-12-31,NA
921184401,BGB-290,Drug,IDB Investigative Drug,NA,NA,NA,2020-09-21,2099-12-31,NA
921184402,BGB-3245,Drug,IDB Investigative Drug,NA,NA,NA,2020-09-21,2099-12-31,NA
921184403,INFIGRATINIB (BGJ398),Drug,IDB Investigative Drug,NA,NA,NA,2020-09-21,2099-12-31,NA
921184404,BI 754091,Drug,IDB Investigative Drug,NA,NA,NA,2020-09-21,2099-12-31,NA
921184405,BI 754111,Drug,IDB Investigative Drug,NA,NA,NA,2020-09-21,2099-12-31,NA
921184406,BI 836858,Drug,IDB Investigative Drug,NA,NA,NA,2020-09-21,2099-12-31,NA
921184407,BI 894999,Drug,IDB Investigative Drug,NA,NA,NA,2020-09-21,2099-12-31,NA
921184408,BI 905677,Drug,IDB Investigative Drug,NA,NA,NA,2020-09-21,2099-12-31,NA
921184409,BI 905711,Drug,IDB Investigative Drug,NA,NA,NA,2020-09-21,2099-12-31,NA
921184410,BI 907828,Drug,IDB Investigative Drug,NA,NA,NA,2020-09-21,2099-12-31,NA
921184411,BI-SHRNAFURIN AUTOLOGOUS VACCINE,Drug,IDB Investigative Drug,NA,NA,NA,2020-09-21,2099-12-31,NA
921184412,BIBH-1,Drug,IDB Investigative Drug,NA,NA,NA,2020-09-21,2099-12-31,NA
921184414,BICALUTAMIDE,Drug,IDB Investigative Drug,NA,NA,NA,2020-09-21,2099-12-31,NA
921184415,BIND-014 (DOCETAXEL NANOPARTICLES),Drug,IDB Investigative Drug,NA,NA,NA,2020-09-21,2099-12-31,NA
921184416,BINIMETINIB,Drug,IDB Investigative Drug,NA,NA,NA,2020-09-21,2099-12-31,NA
921184417,BUPARLISIB (BKM120),Drug,IDB Investigative Drug,NA,NA,NA,2020-09-21,2099-12-31,NA
921184418,BL-8040,Drug,IDB Investigative Drug,NA,NA,NA,2020-09-21,2099-12-31,NA
921184419,BLEOMYCIN,Drug,IDB Investigative Drug,NA,NA,NA,2020-09-21,2099-12-31,NA
921184420,BLINATUMOMAB,Drug,IDB Investigative Drug,NA,NA,NA,2020-09-21,2099-12-31,NA
921184422,TALAZOPARIB,Drug,IDB Investigative Drug,NA,NA,NA,2020-09-21,2099-12-31,NA
921184423,BMS-214662,Drug,IDB Investigative Drug,NA,NA,NA,2020-09-21,2099-12-31,NA
921184424,IXABEPILONE,Drug,IDB Investigative Drug,NA,NA,NA,2020-09-21,2099-12-31,NA
921184425,BMS-275291,Drug,IDB Investigative Drug,NA,NA,NA,2020-09-21,2099-12-31,NA
921184426,BMS-641988,Drug,IDB Investigative Drug,NA,NA,NA,2020-09-21,2099-12-31,NA
921184427,URELUMAB (BMS-663513),Drug,IDB Investigative Drug,NA,NA,NA,2020-09-21,2099-12-31,NA
921184428,BMS-753493,Drug,IDB Investigative Drug,NA,NA,NA,2020-09-21,2099-12-31,NA
921184429,BMS-813160,Drug,IDB Investigative Drug,NA,NA,NA,2020-09-21,2099-12-31,NA
921184431,BMS-908662,Drug,IDB Investigative Drug,NA,NA,NA,2020-09-21,2099-12-31,NA
921184432,NIVOLUMAB,Drug,IDB Investigative Drug,NA,NA,NA,2020-09-21,2099-12-31,NA
921184433,BMS-986012,Drug,IDB Investigative Drug,NA,NA,NA,2020-09-21,2099-12-31,NA
921184434,LIRILUMAB (BMS-986015),Drug,IDB Investigative Drug,NA,NA,NA,2020-09-21,2099-12-31,NA
921184435,RELATLIMAB (BMS-986016/ANTI-LAG-3),Drug,IDB Investigative Drug,NA,NA,NA,2020-09-21,2099-12-31,NA
921184436,BMS-986158,Drug,IDB Investigative Drug,NA,NA,NA,2020-09-21,2099-12-31,NA
921184437,BMS-986205,Drug,IDB Investigative Drug,NA,NA,NA,2020-09-21,2099-12-31,NA
921184438,BMS-986218,Drug,IDB Investigative Drug,NA,NA,NA,2020-09-21,2099-12-31,NA
921184439,BMS-986249,Drug,IDB Investigative Drug,NA,NA,NA,2020-09-21,2099-12-31,NA
921184440,BORTEZOMIB,Drug,IDB Investigative Drug,NA,NA,NA,2020-09-21,2099-12-31,NA
921184441,BR55-2,Drug,IDB Investigative Drug,NA,NA,NA,2020-09-21,2099-12-31,NA
921184442,BR96-DOXORUBICIN,Drug,IDB Investigative Drug,NA,NA,NA,2020-09-21,2099-12-31,NA
921184443,BRENTUXIMAB VEDOTIN,Drug,IDB Investigative Drug,NA,NA,NA,2020-09-21,2099-12-31,NA
921184444,BRIGATINIB,Drug,IDB Investigative Drug,NA,NA,NA,2020-09-21,2099-12-31,NA
921184445,BRIVANIB,Drug,IDB Investigative Drug,NA,NA,NA,2020-09-21,2099-12-31,NA
921184446,BRYOSTATIN-1,Drug,IDB Investigative Drug,NA,NA,NA,2020-09-21,2099-12-31,NA
921184447,INIPARIB (BSI-201),Drug,IDB Investigative Drug,NA,NA,NA,2020-09-21,2099-12-31,NA
921184448,BTCT4465A,Drug,IDB Investigative Drug,NA,NA,NA,2020-09-21,2099-12-31,NA
921184449,BTRC4017A,Drug,IDB Investigative Drug,NA,NA,NA,2020-09-21,2099-12-31,NA
921184450,BTX-A51,Drug,IDB Investigative Drug,NA,NA,NA,2020-09-21,2099-12-31,NA
921184452,BUSULFAN,Drug,IDB Investigative Drug,NA,NA,NA,2020-09-21,2099-12-31,NA
921184453,ULIXERTINIB (BVD-523),Drug,IDB Investigative Drug,NA,NA,NA,2020-09-21,2099-12-31,NA
921184454,BW301 (PIRITREXIN),Drug,IDB Investigative Drug,NA,NA,NA,2020-09-21,2099-12-31,NA
921184456,CETUXIMAB,Drug,IDB Investigative Drug,NA,NA,NA,2020-09-21,2099-12-31,NA
921184457,CA-170,Drug,IDB Investigative Drug,NA,NA,NA,2020-09-21,2099-12-31,NA
921184458,CA-4948,Drug,IDB Investigative Drug,NA,NA,NA,2020-09-21,2099-12-31,NA
921184459,CABAZITAXEL,Drug,IDB Investigative Drug,NA,NA,NA,2020-09-21,2099-12-31,NA
921184460,CABIRALIZUMAB (BMS-986227),Drug,IDB Investigative Drug,NA,NA,NA,2020-09-21,2099-12-31,NA
921184461,CABOZANTINIB,Drug,IDB Investigative Drug,NA,NA,NA,2020-09-21,2099-12-31,NA
921184462,IDELALISIB,Drug,IDB Investigative Drug,NA,NA,NA,2020-09-21,2099-12-31,NA
921184463,CAPECITABINE,Drug,IDB Investigative Drug,NA,NA,NA,2020-09-21,2099-12-31,NA
921184464,CARBOPLATIN,Drug,IDB Investigative Drug,NA,NA,NA,2020-09-21,2099-12-31,NA
921184465,CARBOXYAMIDOTRIAZOLE OROTATE (CTO),Drug,IDB Investigative Drug,NA,NA,NA,2020-09-21,2099-12-31,NA
921184466,CARBOXYPEPTIDASE G2,Drug,IDB Investigative Drug,NA,NA,NA,2020-09-21,2099-12-31,NA
921184467,CARFILZOMIB,Drug,IDB Investigative Drug,NA,NA,NA,2020-09-21,2099-12-31,NA
921184468,CARMUSTINE,Drug,IDB Investigative Drug,NA,NA,NA,2020-09-21,2099-12-31,NA
921184470,TELAGLENASTAT (CB-839),Drug,IDB Investigative Drug,NA,NA,NA,2020-09-21,2099-12-31,NA
921184471,CBP501,Drug,IDB Investigative Drug,NA,NA,NA,2020-09-21,2099-12-31,NA
921184472,CC-115,Drug,IDB Investigative Drug,NA,NA,NA,2020-09-21,2099-12-31,NA
921184474,CC-90002,Drug,IDB Investigative Drug,NA,NA,NA,2020-09-21,2099-12-31,NA
921184475,CC-92480,Drug,IDB Investigative Drug,NA,NA,NA,2020-09-21,2099-12-31,NA
921184476,CC5013,Drug,IDB Investigative Drug,NA,NA,NA,2020-09-21,2099-12-31,NA
921184477,TEMSIROLIMUS,Drug,IDB Investigative Drug,NA,NA,NA,2020-09-21,2099-12-31,NA
921184478,CD20 DNA VACCINE,Drug,IDB Investigative Drug,NA,NA,NA,2020-09-21,2099-12-31,NA
921184479,CDX-1140,Drug,IDB Investigative Drug,NA,NA,NA,2020-09-21,2099-12-31,NA
921184480,CDX-1401,Drug,IDB Investigative Drug,NA,NA,NA,2020-09-21,2099-12-31,NA
921184481,CDX-301,Drug,IDB Investigative Drug,NA,NA,NA,2020-09-21,2099-12-31,NA
921184483,CEMIPLIMAB,Drug,IDB Investigative Drug,NA,NA,NA,2020-09-21,2099-12-31,NA
921184484,CEP-701 (LESTAURTINIB),Drug,IDB Investigative Drug,NA,NA,NA,2020-09-21,2099-12-31,NA
921184485,CERGUTUZUMAB AMUNALEUKIN (RO6895882),Drug,IDB Investigative Drug,NA,NA,NA,2020-09-21,2099-12-31,NA
921184486,CERITINIB,Drug,IDB Investigative Drug,NA,NA,NA,2020-09-21,2099-12-31,NA
921184488,DINUTUXIMAB,Drug,IDB Investigative Drug,NA,NA,NA,2020-09-21,2099-12-31,NA
921184490,CHIP (IPROPLATIN),Drug,IDB Investigative Drug,NA,NA,NA,2020-09-21,2099-12-31,NA
921184491,CHLOROQUINOXALINE,Drug,IDB Investigative Drug,NA,NA,NA,2020-09-21,2099-12-31,NA
921184492,CIBISATAMAB (RO6958688),Drug,IDB Investigative Drug,NA,NA,NA,2020-09-21,2099-12-31,NA
921184493,CISPLATIN,Drug,IDB Investigative Drug,NA,NA,NA,2020-09-21,2099-12-31,NA
921184494,CIXUTUMUMAB (IMC-A12),Drug,IDB Investigative Drug,NA,NA,NA,2020-09-21,2099-12-31,NA
921184495,"CL 286,558",Drug,IDB Investigative Drug,NA,NA,NA,2020-09-21,2099-12-31,NA
921184496,CLADRIBINE,Drug,IDB Investigative Drug,NA,NA,NA,2020-09-21,2099-12-31,NA
921184497,CLN-081,Drug,IDB Investigative Drug,NA,NA,NA,2020-09-21,2099-12-31,NA
921184498,CLOFARABINE,Drug,IDB Investigative Drug,NA,NA,NA,2020-09-21,2099-12-31,NA
921184499,CLOSTRIDIUM NOVYI-NT,Drug,IDB Investigative Drug,NA,NA,NA,2020-09-21,2099-12-31,NA
921184500,CLR457,Drug,IDB Investigative Drug,NA,NA,NA,2020-09-21,2099-12-31,NA
921184501,CML VAX 5,Drug,IDB Investigative Drug,NA,NA,NA,2020-09-21,2099-12-31,NA
921184502,CML VAX 5 + QS21,Drug,IDB Investigative Drug,NA,NA,NA,2020-09-21,2099-12-31,NA
921184505,CML VAX B2,Drug,IDB Investigative Drug,NA,NA,NA,2020-09-21,2099-12-31,NA
921184506,CML VAX B3,Drug,IDB Investigative Drug,NA,NA,NA,2020-09-21,2099-12-31,NA
921184507,"CNF 2024 (BIIB021, CF1983)",Drug,IDB Investigative Drug,NA,NA,NA,2020-09-21,2099-12-31,NA
921184508,CO-1.01,Drug,IDB Investigative Drug,NA,NA,NA,2020-09-21,2099-12-31,NA
921184509,CO-1686 HBR,Drug,IDB Investigative Drug,NA,NA,NA,2020-09-21,2099-12-31,NA
921184510,COBIMETINIB,Drug,IDB Investigative Drug,NA,NA,NA,2020-09-21,2099-12-31,NA
921184511,COBOMARSEN (MRG-106),Drug,IDB Investigative Drug,NA,NA,NA,2020-09-21,2099-12-31,NA
921184512,COL-3,Drug,IDB Investigative Drug,NA,NA,NA,2020-09-21,2099-12-31,NA
921184513,COLSEVELAM,Drug,IDB Investigative Drug,NA,NA,NA,2020-09-21,2099-12-31,NA
921184514,COPANLISIB,Drug,IDB Investigative Drug,NA,NA,NA,2020-09-21,2099-12-31,NA
921184515,CORT125281,Drug,IDB Investigative Drug,NA,NA,NA,2020-09-21,2099-12-31,NA
921184516,COVERSIN (RVA576),Drug,IDB Investigative Drug,NA,NA,NA,2020-09-21,2099-12-31,NA
921184517,CP-122.721,Drug,IDB Investigative Drug,NA,NA,NA,2020-09-21,2099-12-31,NA
921184518,"CP-751,871",Drug,IDB Investigative Drug,NA,NA,NA,2020-09-21,2099-12-31,NA
921184519,CPG 7909,Drug,IDB Investigative Drug,NA,NA,NA,2020-09-21,2099-12-31,NA
921184520,CPI-0610,Drug,IDB Investigative Drug,NA,NA,NA,2020-09-21,2099-12-31,NA
921184521,CIFORADENANT (CPI-444),Drug,IDB Investigative Drug,NA,NA,NA,2020-09-21,2099-12-31,NA
921184522,DEVIMISTAT (CPI-613),Drug,IDB Investigative Drug,NA,NA,NA,2020-09-21,2099-12-31,NA
921184523,CRENOLANIB,Drug,IDB Investigative Drug,NA,NA,NA,2020-09-21,2099-12-31,NA
921184524,CRIZOTINIB,Drug,IDB Investigative Drug,NA,NA,NA,2020-09-21,2099-12-31,NA
921184525,CRLX101,Drug,IDB Investigative Drug,NA,NA,NA,2020-09-21,2099-12-31,NA
921184526,PIDILIZUMAB (CT-011),Drug,IDB Investigative Drug,NA,NA,NA,2020-09-21,2099-12-31,NA
921184527,CT-2103 (CONJUGATED PACLITAXEL),Drug,IDB Investigative Drug,NA,NA,NA,2020-09-21,2099-12-31,NA
921184528,CT-2106,Drug,IDB Investigative Drug,NA,NA,NA,2020-09-21,2099-12-31,NA
921184529,CT-2584 HMS,Drug,IDB Investigative Drug,NA,NA,NA,2020-09-21,2099-12-31,NA
921184530,CT-322,Drug,IDB Investigative Drug,NA,NA,NA,2020-09-21,2099-12-31,NA
921184531,CT53518 (TANDUTINIB),Drug,IDB Investigative Drug,NA,NA,NA,2020-09-21,2099-12-31,NA
921184532,FIMEPINOSTAT (CUDC-907),Drug,IDB Investigative Drug,NA,NA,NA,2020-09-21,2099-12-31,NA
921184533,CUSATUZUMAB (JNJ-74494550),Drug,IDB Investigative Drug,NA,NA,NA,2020-09-21,2099-12-31,NA
921184534,CVA21 (COXSAKIEVIRUS A21),Drug,IDB Investigative Drug,NA,NA,NA,2020-09-21,2099-12-31,NA
921184535,CX-072,Drug,IDB Investigative Drug,NA,NA,NA,2020-09-21,2099-12-31,NA
921184536,CX-2009,Drug,IDB Investigative Drug,NA,NA,NA,2020-09-21,2099-12-31,NA
921184537,CYCLOPHOSPHAMIDE,Drug,IDB Investigative Drug,NA,NA,NA,2020-09-21,2099-12-31,NA
921184538,CYT 99 007 (IL-7),Drug,IDB Investigative Drug,NA,NA,NA,2020-09-21,2099-12-31,NA
921184539,CYT-351,Drug,IDB Investigative Drug,NA,NA,NA,2020-09-21,2099-12-31,NA
921184540,CYTARABINE,Drug,IDB Investigative Drug,NA,NA,NA,2020-09-21,2099-12-31,NA
921184541,DA7 IMMUNOTOXIN,Drug,IDB Investigative Drug,NA,NA,NA,2020-09-21,2099-12-31,NA
921184542,DAB-389-EGF,Drug,IDB Investigative Drug,NA,NA,NA,2020-09-21,2099-12-31,NA
921184543,DABRAFENIB,Drug,IDB Investigative Drug,NA,NA,NA,2020-09-21,2099-12-31,NA
921184544,DACARBAZINE,Drug,IDB Investigative Drug,NA,NA,NA,2020-09-21,2099-12-31,NA
921184545,DACOMITINIB,Drug,IDB Investigative Drug,NA,NA,NA,2020-09-21,2099-12-31,NA
921184546,DACTINOMYCIN,Drug,IDB Investigative Drug,NA,NA,NA,2020-09-21,2099-12-31,NA
921184547,DALANTERCEPT,Drug,IDB Investigative Drug,NA,NA,NA,2020-09-21,2099-12-31,NA
921184548,DARATUMUMAB,Drug,IDB Investigative Drug,NA,NA,NA,2020-09-21,2099-12-31,NA
921184549,DARATUMUMAB-HYALURONIDASE,Drug,IDB Investigative Drug,NA,NA,NA,2020-09-21,2099-12-31,NA
921184550,DAROLUTAMIDE,Drug,IDB Investigative Drug,NA,NA,NA,2020-09-21,2099-12-31,NA
921184551,DASATINIB,Drug,IDB Investigative Drug,NA,NA,NA,2020-09-21,2099-12-31,NA
921184552,DAUNORUBICIN,Drug,IDB Investigative Drug,NA,NA,NA,2020-09-21,2099-12-31,NA
921184553,DAUNORUBICIN LIPOSOMAL,Drug,IDB Investigative Drug,NA,NA,NA,2020-09-21,2099-12-31,NA
921184554,RIPRETINIB,Drug,IDB Investigative Drug,NA,NA,NA,2020-09-21,2099-12-31,NA
921184555,DCC-3014,Drug,IDB Investigative Drug,NA,NA,NA,2020-09-21,2099-12-31,NA
921184556,DEBIO 1347 (CH5183284),Drug,IDB Investigative Drug,NA,NA,NA,2020-09-21,2099-12-31,NA
921184557,DECITABINE,Drug,IDB Investigative Drug,NA,NA,NA,2020-09-21,2099-12-31,NA
921184558,DEFACTINIB (VS-6063),Drug,IDB Investigative Drug,NA,NA,NA,2020-09-21,2099-12-31,NA
921184559,RIDAFOROLIMUS (MK-8669),Drug,IDB Investigative Drug,NA,NA,NA,2020-09-21,2099-12-31,NA
921184560,DEGARELIX,Drug,IDB Investigative Drug,NA,NA,NA,2020-09-21,2099-12-31,NA
921184561,DENILEUKIN DIFTITOX,Drug,IDB Investigative Drug,NA,NA,NA,2020-09-21,2099-12-31,NA
921184562,DENINTUZUMAB (SGN-CD19A),Drug,IDB Investigative Drug,NA,NA,NA,2020-09-21,2099-12-31,NA
921184563,DEPATUXIZUMAB MAFODOTIN (ABT-414),Drug,IDB Investigative Drug,NA,NA,NA,2020-09-21,2099-12-31,NA
921184565,DHES0815A (RO7172369),Drug,IDB Investigative Drug,NA,NA,NA,2020-09-21,2099-12-31,NA
921184566,DIDEMNIN B,Drug,IDB Investigative Drug,NA,NA,NA,2020-09-21,2099-12-31,NA
921184567,DIFLUOROMETHYLORNITHINE (DFMO),Drug,IDB Investigative Drug,NA,NA,NA,2020-09-21,2099-12-31,NA
921184568,DLYE5953A,Drug,IDB Investigative Drug,NA,NA,NA,2020-09-21,2099-12-31,NA
921184569,DMUC4064A,Drug,IDB Investigative Drug,NA,NA,NA,2020-09-21,2099-12-31,NA
921184570,DN24-02,Drug,IDB Investigative Drug,NA,NA,NA,2020-09-21,2099-12-31,NA
921184571,DNX-2401,Drug,IDB Investigative Drug,NA,NA,NA,2020-09-21,2099-12-31,NA
921184572,DOCETAXEL,Drug,IDB Investigative Drug,NA,NA,NA,2020-09-21,2099-12-31,NA
921184573,DOLASTATIN-10,Drug,IDB Investigative Drug,NA,NA,NA,2020-09-21,2099-12-31,NA
921184574,DOSTARLIMAB (TSR-042),Drug,IDB Investigative Drug,NA,NA,NA,2020-09-21,2099-12-31,NA
921184575,DOXORUBICIN,Drug,IDB Investigative Drug,NA,NA,NA,2020-09-21,2099-12-31,NA
921184576,DOXORUBICIN LIPOSOMAL,Drug,IDB Investigative Drug,NA,NA,NA,2020-09-21,2099-12-31,NA
921184577,MILADEMETAN (DS-3032B),Drug,IDB Investigative Drug,NA,NA,NA,2020-09-21,2099-12-31,NA
921184578,VALEMETOSTAT (DS-3201B),Drug,IDB Investigative Drug,NA,NA,NA,2020-09-21,2099-12-31,NA
921184579,DS-4152,Drug,IDB Investigative Drug,NA,NA,NA,2020-09-21,2099-12-31,NA
921184580,DS-7423,Drug,IDB Investigative Drug,NA,NA,NA,2020-09-21,2099-12-31,NA
921184581,DSTP3086S,Drug,IDB Investigative Drug,NA,NA,NA,2020-09-21,2099-12-31,NA
921184582,DTC101,Drug,IDB Investigative Drug,NA,NA,NA,2020-09-21,2099-12-31,NA
921184583,DTRMWXHS-12,Drug,IDB Investigative Drug,NA,NA,NA,2020-09-21,2099-12-31,NA
921184584,DURVALUMAB,Drug,IDB Investigative Drug,NA,NA,NA,2020-09-21,2099-12-31,NA
921184585,DUVELISIB,Drug,IDB Investigative Drug,NA,NA,NA,2020-09-21,2099-12-31,NA
921184586,DVA (VINDESINE),Drug,IDB Investigative Drug,NA,NA,NA,2020-09-21,2099-12-31,NA
921184587,DX8951F (EXATECAN),Drug,IDB Investigative Drug,NA,NA,NA,2020-09-21,2099-12-31,NA
921184588,DXDX (ESORUBICIN),Drug,IDB Investigative Drug,NA,NA,NA,2020-09-21,2099-12-31,NA
921184589,LENVATINIB,Drug,IDB Investigative Drug,NA,NA,NA,2020-09-21,2099-12-31,NA
921184590,ERIBULIN,Drug,IDB Investigative Drug,NA,NA,NA,2020-09-21,2099-12-31,NA
921184591,EC1169,Drug,IDB Investigative Drug,NA,NA,NA,2020-09-21,2099-12-31,NA
921184592,ECULIZUMAB,Drug,IDB Investigative Drug,NA,NA,NA,2020-09-21,2099-12-31,NA
921184593,EDATREXATE,Drug,IDB Investigative Drug,NA,NA,NA,2020-09-21,2099-12-31,NA
921184594,EDOTECARIN,Drug,IDB Investigative Drug,NA,NA,NA,2020-09-21,2099-12-31,NA
921184595,EFATUTAZONE (CS-7017),Drug,IDB Investigative Drug,NA,NA,NA,2020-09-21,2099-12-31,NA
921184596,NAZARTINIB (EGF816),Drug,IDB Investigative Drug,NA,NA,NA,2020-09-21,2099-12-31,NA
921184597,ELACYTARABINE,Drug,IDB Investigative Drug,NA,NA,NA,2020-09-21,2099-12-31,NA
921184598,ELOTUZUMAB,Drug,IDB Investigative Drug,NA,NA,NA,2020-09-21,2099-12-31,NA
921184599,EMACTUZUMAB (RO5509554),Drug,IDB Investigative Drug,NA,NA,NA,2020-09-21,2099-12-31,NA
921184600,CILENGITIDE (EMD 121974),Drug,IDB Investigative Drug,NA,NA,NA,2020-09-21,2099-12-31,NA
921184602,ENCORAFENIB,Drug,IDB Investigative Drug,NA,NA,NA,2020-09-21,2099-12-31,NA
921184604,ENMD-2076,Drug,IDB Investigative Drug,NA,NA,NA,2020-09-21,2099-12-31,NA
921184605,ENSARTINIB,Drug,IDB Investigative Drug,NA,NA,NA,2020-09-21,2099-12-31,NA
921184606,ENTINOSTAT (SNDX-275),Drug,IDB Investigative Drug,NA,NA,NA,2020-09-21,2099-12-31,NA
921184607,ENTOSPLETINIB (GS-9973),Drug,IDB Investigative Drug,NA,NA,NA,2020-09-21,2099-12-31,NA
921184608,ENTRECTINIB,Drug,IDB Investigative Drug,NA,NA,NA,2020-09-21,2099-12-31,NA
921184609,ENZALUTAMIDE,Drug,IDB Investigative Drug,NA,NA,NA,2020-09-21,2099-12-31,NA
921184610,ENZASTAURIN (LY317615),Drug,IDB Investigative Drug,NA,NA,NA,2020-09-21,2099-12-31,NA
921184611,EPACADOSTAT (INCB024360),Drug,IDB Investigative Drug,NA,NA,NA,2020-09-21,2099-12-31,NA
921184612,EPIRUBICIN,Drug,IDB Investigative Drug,NA,NA,NA,2020-09-21,2099-12-31,NA
921184613,EPOTHILONE D,Drug,IDB Investigative Drug,NA,NA,NA,2020-09-21,2099-12-31,NA
921184614,PINOMETOSTAT (EPZ-5676),Drug,IDB Investigative Drug,NA,NA,NA,2020-09-21,2099-12-31,NA
921184615,EPZ-7438,Drug,IDB Investigative Drug,NA,NA,NA,2020-09-21,2099-12-31,NA
921184616,ERDAFITINIB,Drug,IDB Investigative Drug,NA,NA,NA,2020-09-21,2099-12-31,NA
921184618,ERLOTINIB,Drug,IDB Investigative Drug,NA,NA,NA,2020-09-21,2099-12-31,NA
921184619,ERTUMAXOMAB,Drug,IDB Investigative Drug,NA,NA,NA,2020-09-21,2099-12-31,NA
921184620,ESTRAMUSTINE,Drug,IDB Investigative Drug,NA,NA,NA,2020-09-21,2099-12-31,NA
921184621,ET-743,Drug,IDB Investigative Drug,NA,NA,NA,2020-09-21,2099-12-31,NA
921184622,ETIRINOTECAN PEGOL (NKTR-102),Drug,IDB Investigative Drug,NA,NA,NA,2020-09-21,2099-12-31,NA
921184623,ETOPOSIDE,Drug,IDB Investigative Drug,NA,NA,NA,2020-09-21,2099-12-31,NA
921184624,EVEROLIMUS,Drug,IDB Investigative Drug,NA,NA,NA,2020-09-21,2099-12-31,NA
921184625,EXEMESTANE,Drug,IDB Investigative Drug,NA,NA,NA,2020-09-21,2099-12-31,NA
921184626,EZN-4176,Drug,IDB Investigative Drug,NA,NA,NA,2020-09-21,2099-12-31,NA
921184627,F-652,Drug,IDB Investigative Drug,NA,NA,NA,2020-09-21,2099-12-31,NA
921184628,FAM-TRASTUZUMAB DERUXTECAN,Drug,IDB Investigative Drug,NA,NA,NA,2020-09-21,2099-12-31,NA
921184629,FAVID,Drug,IDB Investigative Drug,NA,NA,NA,2020-09-21,2099-12-31,NA
921184630,FAZ053,Drug,IDB Investigative Drug,NA,NA,NA,2020-09-21,2099-12-31,NA
921184631,FAZARABINE,Drug,IDB Investigative Drug,NA,NA,NA,2020-09-21,2099-12-31,NA
921184632,FEDRATINIB,Drug,IDB Investigative Drug,NA,NA,NA,2020-09-21,2099-12-31,NA
921184633,FENRETINIDE,Drug,IDB Investigative Drug,NA,NA,NA,2020-09-21,2099-12-31,NA
921184635,FK866,Drug,IDB Investigative Drug,NA,NA,NA,2020-09-21,2099-12-31,NA
921184636,FLAVOPIRIDOL (ALVOCIDIB),Drug,IDB Investigative Drug,NA,NA,NA,2020-09-21,2099-12-31,NA
921184637,FLOXURIDINE,Drug,IDB Investigative Drug,NA,NA,NA,2020-09-21,2099-12-31,NA
921184638,FLUDARABINE,Drug,IDB Investigative Drug,NA,NA,NA,2020-09-21,2099-12-31,NA
921184639,FLUOROTHYMIDINE (FLT),Drug,IDB Investigative Drug,NA,NA,NA,2020-09-21,2099-12-31,NA
921184640,FLUOROURACIL,Drug,IDB Investigative Drug,NA,NA,NA,2020-09-21,2099-12-31,NA
921184641,FLUTAMIDE,Drug,IDB Investigative Drug,NA,NA,NA,2020-09-21,2099-12-31,NA
921184642,FLX925,Drug,IDB Investigative Drug,NA,NA,NA,2020-09-21,2099-12-31,NA
921184643,FOSBRETABULIN (CA4P),Drug,IDB Investigative Drug,NA,NA,NA,2020-09-21,2099-12-31,NA
921184644,FOTEMUSTINE,Drug,IDB Investigative Drug,NA,NA,NA,2020-09-21,2099-12-31,NA
921184645,FPA008,Drug,IDB Investigative Drug,NA,NA,NA,2020-09-21,2099-12-31,NA
921184646,FUCOSYL-GM1-KLH,Drug,IDB Investigative Drug,NA,NA,NA,2020-09-21,2099-12-31,NA
921184647,FULVESTRANT,Drug,IDB Investigative Drug,NA,NA,NA,2020-09-21,2099-12-31,NA
921184648,G3139 (OBLIMERSEN SODIUM),Drug,IDB Investigative Drug,NA,NA,NA,2020-09-21,2099-12-31,NA
921184649,GALINPEPIMUT-S,Drug,IDB Investigative Drug,NA,NA,NA,2020-09-21,2099-12-31,NA
921184650,GALIXIMAB,Drug,IDB Investigative Drug,NA,NA,NA,2020-09-21,2099-12-31,NA
921184651,GALUNISERTIB (LY2157299),Drug,IDB Investigative Drug,NA,NA,NA,2020-09-21,2099-12-31,NA
921184652,GANETESPIB (STA-9090),Drug,IDB Investigative Drug,NA,NA,NA,2020-09-21,2099-12-31,NA
921184654,GB1275,Drug,IDB Investigative Drug,NA,NA,NA,2020-09-21,2099-12-31,NA
921184655,GBR 1342,Drug,IDB Investigative Drug,NA,NA,NA,2020-09-21,2099-12-31,NA
921184656,CODRITUZUMAB (RO5137382/GC33),Drug,IDB Investigative Drug,NA,NA,NA,2020-09-21,2099-12-31,NA
921184657,GD2-KLH,Drug,IDB Investigative Drug,NA,NA,NA,2020-09-21,2099-12-31,NA
921184658,GD2L-KLH,Drug,IDB Investigative Drug,NA,NA,NA,2020-09-21,2099-12-31,NA
921184659,GD2L-KLH + GD3L-KLH,Drug,IDB Investigative Drug,NA,NA,NA,2020-09-21,2099-12-31,NA
921184660,GD2L-KLH/QS-21,Drug,IDB Investigative Drug,NA,NA,NA,2020-09-21,2099-12-31,NA
921184661,GD3-KLH,Drug,IDB Investigative Drug,NA,NA,NA,2020-09-21,2099-12-31,NA
921184662,GD3L-KLH/QS-21,Drug,IDB Investigative Drug,NA,NA,NA,2020-09-21,2099-12-31,NA
921184663,TASELISIB (GDC-0032),Drug,IDB Investigative Drug,NA,NA,NA,2020-09-21,2099-12-31,NA
921184664,GDC-0077,Drug,IDB Investigative Drug,NA,NA,NA,2020-09-21,2099-12-31,NA
921184665,GDC-0084,Drug,IDB Investigative Drug,NA,NA,NA,2020-09-21,2099-12-31,NA
921184666,VENETOCLAX,Drug,IDB Investigative Drug,NA,NA,NA,2020-09-21,2099-12-31,NA
921184667,VISMODEGIB,Drug,IDB Investigative Drug,NA,NA,NA,2020-09-21,2099-12-31,NA
921184668,"BRILANESTRANT (GDC-0810, ARN-810)",Drug,IDB Investigative Drug,NA,NA,NA,2020-09-21,2099-12-31,NA
921184669,GDC-0919,Drug,IDB Investigative Drug,NA,NA,NA,2020-09-21,2099-12-31,NA
921184670,GDC-0927,Drug,IDB Investigative Drug,NA,NA,NA,2020-09-21,2099-12-31,NA
921184673,GDC-0980,Drug,IDB Investigative Drug,NA,NA,NA,2020-09-21,2099-12-31,NA
921184674,GDC-9545,Drug,IDB Investigative Drug,NA,NA,NA,2020-09-21,2099-12-31,NA
921184675,GEFITINIB,Drug,IDB Investigative Drug,NA,NA,NA,2020-09-21,2099-12-31,NA
921184676,GEMCITABINE,Drug,IDB Investigative Drug,NA,NA,NA,2020-09-21,2099-12-31,NA
921184677,GEMTUZUMAB OZOGAMICIN,Drug,IDB Investigative Drug,NA,NA,NA,2020-09-21,2099-12-31,NA
921184678,GI-4014,Drug,IDB Investigative Drug,NA,NA,NA,2020-09-21,2099-12-31,NA
921184679,GI-4015,Drug,IDB Investigative Drug,NA,NA,NA,2020-09-21,2099-12-31,NA
921184680,GI-4016,Drug,IDB Investigative Drug,NA,NA,NA,2020-09-21,2099-12-31,NA
921184682,GL-ONC1,Drug,IDB Investigative Drug,NA,NA,NA,2020-09-21,2099-12-31,NA
921184683,GLOBO H-KLH,Drug,IDB Investigative Drug,NA,NA,NA,2020-09-21,2099-12-31,NA
921184684,GLOBO-H-GM2-STN-TF-TN-KLH + QS-21,Drug,IDB Investigative Drug,NA,NA,NA,2020-09-21,2099-12-31,NA
921184685,GM2-KLH,Drug,IDB Investigative Drug,NA,NA,NA,2020-09-21,2099-12-31,NA
921184686,GM2/GD2L/GD3L-KLH,Drug,IDB Investigative Drug,NA,NA,NA,2020-09-21,2099-12-31,NA
921184687,GM2KLH/GD2KLH/QS-21,Drug,IDB Investigative Drug,NA,NA,NA,2020-09-21,2099-12-31,NA
921184688,GMCSF-DNA,Drug,IDB Investigative Drug,NA,NA,NA,2020-09-21,2099-12-31,NA
921184689,GNS561,Drug,IDB Investigative Drug,NA,NA,NA,2020-09-21,2099-12-31,NA
921184690,GOSERELIN,Drug,IDB Investigative Drug,NA,NA,NA,2020-09-21,2099-12-31,NA
921184691,GOSSYPOL,Drug,IDB Investigative Drug,NA,NA,NA,2020-09-21,2099-12-31,NA
921184692,GP100,Drug,IDB Investigative Drug,NA,NA,NA,2020-09-21,2099-12-31,NA
921184693,GP100:209-217,Drug,IDB Investigative Drug,NA,NA,NA,2020-09-21,2099-12-31,NA
921184694,GP75 DNA VACCINE,Drug,IDB Investigative Drug,NA,NA,NA,2020-09-21,2099-12-31,NA
921184695,GPI-0100,Drug,IDB Investigative Drug,NA,NA,NA,2020-09-21,2099-12-31,NA
921184696,GRT-C903,Drug,IDB Investigative Drug,NA,NA,NA,2020-09-21,2099-12-31,NA
921184697,GRT-R904,Drug,IDB Investigative Drug,NA,NA,NA,2020-09-21,2099-12-31,NA
921184699,TRAMETINIB,Drug,IDB Investigative Drug,NA,NA,NA,2020-09-21,2099-12-31,NA
921184700,GSK2110183,Drug,IDB Investigative Drug,NA,NA,NA,2020-09-21,2099-12-31,NA
921184702,GSK2141795,Drug,IDB Investigative Drug,NA,NA,NA,2020-09-21,2099-12-31,NA
921184703,GSK2256098,Drug,IDB Investigative Drug,NA,NA,NA,2020-09-21,2099-12-31,NA
921184704,GSK2849330,Drug,IDB Investigative Drug,NA,NA,NA,2020-09-21,2099-12-31,NA
921184706,GSK3052230,Drug,IDB Investigative Drug,NA,NA,NA,2020-09-21,2099-12-31,NA
921184707,GSK3174998,Drug,IDB Investigative Drug,NA,NA,NA,2020-09-21,2099-12-31,NA
921184708,GSK3326595,Drug,IDB Investigative Drug,NA,NA,NA,2020-09-21,2099-12-31,NA
921184709,GSK525762,Drug,IDB Investigative Drug,NA,NA,NA,2020-09-21,2099-12-31,NA
921184710,GUADECITABINE (SGI-110),Drug,IDB Investigative Drug,NA,NA,NA,2020-09-21,2099-12-31,NA
921184711,GWN323,Drug,IDB Investigative Drug,NA,NA,NA,2020-09-21,2099-12-31,NA
921184712,H3B-8800,Drug,IDB Investigative Drug,NA,NA,NA,2020-09-21,2099-12-31,NA
921184713,HB-201,Drug,IDB Investigative Drug,NA,NA,NA,2020-09-21,2099-12-31,NA
921184714,HDM201 (NEW VARIANT 2),Drug,IDB Investigative Drug,NA,NA,NA,2020-09-21,2099-12-31,NA
921184715,HE3235,Drug,IDB Investigative Drug,NA,NA,NA,2020-09-21,2099-12-31,NA
921184716,HER2/NEU DNA VACCINE,Drug,IDB Investigative Drug,NA,NA,NA,2020-09-21,2099-12-31,NA
921184717,HEXAVALENT VACCINE 00-064,Drug,IDB Investigative Drug,NA,NA,NA,2020-09-21,2099-12-31,NA
921184718,HMBA,Drug,IDB Investigative Drug,NA,NA,NA,2020-09-21,2099-12-31,NA
921184719,HSP-70,Drug,IDB Investigative Drug,NA,NA,NA,2020-09-21,2099-12-31,NA
921184720,HSPPC-96 (HEAT SHOCK PROTEIN),Drug,IDB Investigative Drug,NA,NA,NA,2020-09-21,2099-12-31,NA
921184721,HTI-1066,Drug,IDB Investigative Drug,NA,NA,NA,2020-09-21,2099-12-31,NA
921184722,HU 3S193 ANTIBODY,Drug,IDB Investigative Drug,NA,NA,NA,2020-09-21,2099-12-31,NA
921184723,HU J591 MOAB,Drug,IDB Investigative Drug,NA,NA,NA,2020-09-21,2099-12-31,NA
921184724,"LINTUZUMAB (HU M195, SGN-33)",Drug,IDB Investigative Drug,NA,NA,NA,2020-09-21,2099-12-31,NA
921184725,HU-3S193,Drug,IDB Investigative Drug,NA,NA,NA,2020-09-21,2099-12-31,NA
921184726,NAXITAMAB (HU3F8 Y-MABS),Drug,IDB Investigative Drug,NA,NA,NA,2020-09-21,2099-12-31,NA
921184727,HU5F9-G4,Drug,IDB Investigative Drug,NA,NA,NA,2020-09-21,2099-12-31,NA
921184728,HUANGLIAN,Drug,IDB Investigative Drug,NA,NA,NA,2020-09-21,2099-12-31,NA
921184729,HUMAB5B1 (MVT-5873),Drug,IDB Investigative Drug,NA,NA,NA,2020-09-21,2099-12-31,NA
921184730,HUMAX-CD4,Drug,IDB Investigative Drug,NA,NA,NA,2020-09-21,2099-12-31,NA
921184731,HYALURONIDASE-RITUXIMAB,Drug,IDB Investigative Drug,NA,NA,NA,2020-09-21,2099-12-31,NA
921184732,HYDROXYUREA,Drug,IDB Investigative Drug,NA,NA,NA,2020-09-21,2099-12-31,NA
921184733,IBRUTINIB,Drug,IDB Investigative Drug,NA,NA,NA,2020-09-21,2099-12-31,NA
921184734,ICI D1694,Drug,IDB Investigative Drug,NA,NA,NA,2020-09-21,2099-12-31,NA
921184735,ICS 205-930,Drug,IDB Investigative Drug,NA,NA,NA,2020-09-21,2099-12-31,NA
921184736,IDARUBICIN,Drug,IDB Investigative Drug,NA,NA,NA,2020-09-21,2099-12-31,NA
921184737,IDEC-152,Drug,IDB Investigative Drug,NA,NA,NA,2020-09-21,2099-12-31,NA
921184739,IFOSFAMIDE,Drug,IDB Investigative Drug,NA,NA,NA,2020-09-21,2099-12-31,NA
921184740,IL13-PE38QQR,Drug,IDB Investigative Drug,NA,NA,NA,2020-09-21,2099-12-31,NA
921184741,ILX23-7553,Drug,IDB Investigative Drug,NA,NA,NA,2020-09-21,2099-12-31,NA
921184742,IM862,Drug,IDB Investigative Drug,NA,NA,NA,2020-09-21,2099-12-31,NA
921184743,ZOLBETUXIMAB (IMAB362),Drug,IDB Investigative Drug,NA,NA,NA,2020-09-21,2099-12-31,NA
921184744,IMATINIB,Drug,IDB Investigative Drug,NA,NA,NA,2020-09-21,2099-12-31,NA
921184745,RAMUCIRUMAB,Drug,IDB Investigative Drug,NA,NA,NA,2020-09-21,2099-12-31,NA
921184746,NECITUMUMAB,Drug,IDB Investigative Drug,NA,NA,NA,2020-09-21,2099-12-31,NA
921184747,IMC-20D7S,Drug,IDB Investigative Drug,NA,NA,NA,2020-09-21,2099-12-31,NA
921184748,OLARATUMAB,Drug,IDB Investigative Drug,NA,NA,NA,2020-09-21,2099-12-31,NA
921184750,IMCGP100,Drug,IDB Investigative Drug,NA,NA,NA,2020-09-21,2099-12-31,NA
921184751,IMCNYESO,Drug,IDB Investigative Drug,NA,NA,NA,2020-09-21,2099-12-31,NA
921184752,IMELPG1,Drug,IDB Investigative Drug,NA,NA,NA,2020-09-21,2099-12-31,NA
921184753,IMGN529,Drug,IDB Investigative Drug,NA,NA,NA,2020-09-21,2099-12-31,NA
921184754,MIRVETUXIMAB SORAVTANSINE (IMGN853),Drug,IDB Investigative Drug,NA,NA,NA,2020-09-21,2099-12-31,NA
921184755,IMMTHER,Drug,IDB Investigative Drug,NA,NA,NA,2020-09-21,2099-12-31,NA
921184756,IMMU-130,Drug,IDB Investigative Drug,NA,NA,NA,2020-09-21,2099-12-31,NA
921184757,IMO-8400,Drug,IDB Investigative Drug,NA,NA,NA,2020-09-21,2099-12-31,NA
921184758,IMPRIME PGG,Drug,IDB Investigative Drug,NA,NA,NA,2020-09-21,2099-12-31,NA
921184759,CAPMATINIB,Drug,IDB Investigative Drug,NA,NA,NA,2020-09-21,2099-12-31,NA
921184760,INCAGN01876,Drug,IDB Investigative Drug,NA,NA,NA,2020-09-21,2099-12-31,NA
921184761,INCB007839,Drug,IDB Investigative Drug,NA,NA,NA,2020-09-21,2099-12-31,NA
921184763,ITACITINIB SR (INCB039110),Drug,IDB Investigative Drug,NA,NA,NA,2020-09-21,2099-12-31,NA
921184764,INCB050465,Drug,IDB Investigative Drug,NA,NA,NA,2020-09-21,2099-12-31,NA
921184765,INCB054828,Drug,IDB Investigative Drug,NA,NA,NA,2020-09-21,2099-12-31,NA
921184766,INCB062079,Drug,IDB Investigative Drug,NA,NA,NA,2020-09-21,2099-12-31,NA
921184767,INCMGA00012,Drug,IDB Investigative Drug,NA,NA,NA,2020-09-21,2099-12-31,NA
921184768,INDIBULIN,Drug,IDB Investigative Drug,NA,NA,NA,2020-09-21,2099-12-31,NA
921184769,INDOXIMOD,Drug,IDB Investigative Drug,NA,NA,NA,2020-09-21,2099-12-31,NA
921184770,INHALED LIPID CISPLATIN (ILC),Drug,IDB Investigative Drug,NA,NA,NA,2020-09-21,2099-12-31,NA
921184771,INO-5151,Drug,IDB Investigative Drug,NA,NA,NA,2020-09-21,2099-12-31,NA
921184772,INOTUZUMAB OZOGAMICIN,Drug,IDB Investigative Drug,NA,NA,NA,2020-09-21,2099-12-31,NA
921184773,INTERFERON A R-MET-CON,Drug,IDB Investigative Drug,NA,NA,NA,2020-09-21,2099-12-31,NA
921184774,INTERFERON ALFA-2B,Drug,IDB Investigative Drug,NA,NA,NA,2020-09-21,2099-12-31,NA
921184775,INTERFERON ALPHA N1,Drug,IDB Investigative Drug,NA,NA,NA,2020-09-21,2099-12-31,NA
921184776,INTERLEUKIN 11 (NEUMEGA),Drug,IDB Investigative Drug,NA,NA,NA,2020-09-21,2099-12-31,NA
921184777,INTERLEUKIN-1,Drug,IDB Investigative Drug,NA,NA,NA,2020-09-21,2099-12-31,NA
921184778,INTERLEUKIN-12,Drug,IDB Investigative Drug,NA,NA,NA,2020-09-21,2099-12-31,NA
921184779,INTERLEUKIN-1REC,Drug,IDB Investigative Drug,NA,NA,NA,2020-09-21,2099-12-31,NA
921184780,"INTERLEUKIN-2, PEG",Drug,IDB Investigative Drug,NA,NA,NA,2020-09-21,2099-12-31,NA
921184781,INTERLEUKIN-3,Drug,IDB Investigative Drug,NA,NA,NA,2020-09-21,2099-12-31,NA
921184782,INTERLEUKIN-4,Drug,IDB Investigative Drug,NA,NA,NA,2020-09-21,2099-12-31,NA
921184783,INTERLEUKIN-6,Drug,IDB Investigative Drug,NA,NA,NA,2020-09-21,2099-12-31,NA
921184784,IPAFRICEPT (OMP-54F28),Drug,IDB Investigative Drug,NA,NA,NA,2020-09-21,2099-12-31,NA
921184785,IPATASERTIB,Drug,IDB Investigative Drug,NA,NA,NA,2020-09-21,2099-12-31,NA
921184786,MONALIZUMAB (IPH2201),Drug,IDB Investigative Drug,NA,NA,NA,2020-09-21,2099-12-31,NA
921184788,RETASPIMYCIN (IPI-504),Drug,IDB Investigative Drug,NA,NA,NA,2020-09-21,2099-12-31,NA
921184789,IPI-549,Drug,IDB Investigative Drug,NA,NA,NA,2020-09-21,2099-12-31,NA
921184790,IPILIMUMAB,Drug,IDB Investigative Drug,NA,NA,NA,2020-09-21,2099-12-31,NA
921184791,IRINOTECAN,Drug,IDB Investigative Drug,NA,NA,NA,2020-09-21,2099-12-31,NA
921184792,ISATUXIMAB,Drug,IDB Investigative Drug,NA,NA,NA,2020-09-21,2099-12-31,NA
921184793,ISO-FLUDELONE,Drug,IDB Investigative Drug,NA,NA,NA,2020-09-21,2099-12-31,NA
921184794,ISOTRETINOIN,Drug,IDB Investigative Drug,NA,NA,NA,2020-09-21,2099-12-31,NA
921184798,IXAZOMIB,Drug,IDB Investigative Drug,NA,NA,NA,2020-09-21,2099-12-31,NA
921184801,JNJ-64052781,Drug,IDB Investigative Drug,NA,NA,NA,2020-09-21,2099-12-31,NA
921184802,JNJ-67856633,Drug,IDB Investigative Drug,NA,NA,NA,2020-09-21,2099-12-31,NA
921184803,JTX-2011,Drug,IDB Investigative Drug,NA,NA,NA,2020-09-21,2099-12-31,NA
921184804,K0706,Drug,IDB Investigative Drug,NA,NA,NA,2020-09-21,2099-12-31,NA
921184805,KAPANOL,Drug,IDB Investigative Drug,NA,NA,NA,2020-09-21,2099-12-31,NA
921184806,KH-1/KLH + QS21,Drug,IDB Investigative Drug,NA,NA,NA,2020-09-21,2099-12-31,NA
921184807,KO-947,Drug,IDB Investigative Drug,NA,NA,NA,2020-09-21,2099-12-31,NA
921184810,SELINEXOR,Drug,IDB Investigative Drug,NA,NA,NA,2020-09-21,2099-12-31,NA
921184811,KRT-232,Drug,IDB Investigative Drug,NA,NA,NA,2020-09-21,2099-12-31,NA
921184812,KS-IL-2 (HUMAN),Drug,IDB Investigative Drug,NA,NA,NA,2020-09-21,2099-12-31,NA
921184813,KSA-KLH,Drug,IDB Investigative Drug,NA,NA,NA,2020-09-21,2099-12-31,NA
921184814,KSA-KLH + GPI-0100,Drug,IDB Investigative Drug,NA,NA,NA,2020-09-21,2099-12-31,NA
921184815,KTN3379,Drug,IDB Investigative Drug,NA,NA,NA,2020-09-21,2099-12-31,NA
921184817,MOGAMULIZUMAB,Drug,IDB Investigative Drug,NA,NA,NA,2020-09-21,2099-12-31,NA
921184818,KW-2450,Drug,IDB Investigative Drug,NA,NA,NA,2020-09-21,2099-12-31,NA
921184819,L-778123,Drug,IDB Investigative Drug,NA,NA,NA,2020-09-21,2099-12-31,NA
921184820,MIFAMURTIDE (L-MTP-PE),Drug,IDB Investigative Drug,NA,NA,NA,2020-09-21,2099-12-31,NA
921184821,LAG525,Drug,IDB Investigative Drug,NA,NA,NA,2020-09-21,2099-12-31,NA
921184822,LAPATINIB,Drug,IDB Investigative Drug,NA,NA,NA,2020-09-21,2099-12-31,NA
921184823,LAROTRECTINIB,Drug,IDB Investigative Drug,NA,NA,NA,2020-09-21,2099-12-31,NA
921184824,OSILODROSTAT,Drug,IDB Investigative Drug,NA,NA,NA,2020-09-21,2099-12-31,NA
921184825,LCL161,Drug,IDB Investigative Drug,NA,NA,NA,2020-09-21,2099-12-31,NA
921184826,LDE225,Drug,IDB Investigative Drug,NA,NA,NA,2020-09-21,2099-12-31,NA
921184827,LDK378,Drug,IDB Investigative Drug,NA,NA,NA,2020-09-21,2099-12-31,NA
921184828,RIBOCICLIB,Drug,IDB Investigative Drug,NA,NA,NA,2020-09-21,2099-12-31,NA
921184829,LENALIDOMIDE,Drug,IDB Investigative Drug,NA,NA,NA,2020-09-21,2099-12-31,NA
921184831,LEQ506,Drug,IDB Investigative Drug,NA,NA,NA,2020-09-21,2099-12-31,NA
921184832,LETROZOLE,Drug,IDB Investigative Drug,NA,NA,NA,2020-09-21,2099-12-31,NA
921184833,LEUCOVORIN,Drug,IDB Investigative Drug,NA,NA,NA,2020-09-21,2099-12-31,NA
921184834,LEUPROLIDE,Drug,IDB Investigative Drug,NA,NA,NA,2020-09-21,2099-12-31,NA
921184835,LEVAMISOLE,Drug,IDB Investigative Drug,NA,NA,NA,2020-09-21,2099-12-31,NA
921184836,LEWIS Y-MMCCH/KLH,Drug,IDB Investigative Drug,NA,NA,NA,2020-09-21,2099-12-31,NA
921184837,LEWIS-Y-KLH,Drug,IDB Investigative Drug,NA,NA,NA,2020-09-21,2099-12-31,NA
921184838,LGD1069,Drug,IDB Investigative Drug,NA,NA,NA,2020-09-21,2099-12-31,NA
921184840,LIAROZOLE,Drug,IDB Investigative Drug,NA,NA,NA,2020-09-21,2099-12-31,NA
921184842,LJM716,Drug,IDB Investigative Drug,NA,NA,NA,2020-09-21,2099-12-31,NA
921184843,LOBAPLATIN,Drug,IDB Investigative Drug,NA,NA,NA,2020-09-21,2099-12-31,NA
921184844,LOR-253,Drug,IDB Investigative Drug,NA,NA,NA,2020-09-21,2099-12-31,NA
921184845,LORLATINIB,Drug,IDB Investigative Drug,NA,NA,NA,2020-09-21,2099-12-31,NA
921184847,SELITRECTINIB (BAY 2731954/LOXO-195),Drug,IDB Investigative Drug,NA,NA,NA,2020-09-21,2099-12-31,NA
921184848,SELPERCATINIB,Drug,IDB Investigative Drug,NA,NA,NA,2020-09-21,2099-12-31,NA
921184850,LSZ102,Drug,IDB Investigative Drug,NA,NA,NA,2020-09-21,2099-12-31,NA
921184851,LTT462,Drug,IDB Investigative Drug,NA,NA,NA,2020-09-21,2099-12-31,NA
921184852,LUCITANIB,Drug,IDB Investigative Drug,NA,NA,NA,2020-09-21,2099-12-31,NA
921184853,LURBINECTEDIN (PM01183),Drug,IDB Investigative Drug,NA,NA,NA,2020-09-21,2099-12-31,NA
921184854,LXH254,Drug,IDB Investigative Drug,NA,NA,NA,2020-09-21,2099-12-31,NA
921184857,LY2875358,Drug,IDB Investigative Drug,NA,NA,NA,2020-09-21,2099-12-31,NA
921184858,LY293111,Drug,IDB Investigative Drug,NA,NA,NA,2020-09-21,2099-12-31,NA
921184859,TALAGEDIB (LY2940680),Drug,IDB Investigative Drug,NA,NA,NA,2020-09-21,2099-12-31,NA
921184860,LY3022855 (IMC-CS4),Drug,IDB Investigative Drug,NA,NA,NA,2020-09-21,2099-12-31,NA
921184861,LY3023414,Drug,IDB Investigative Drug,NA,NA,NA,2020-09-21,2099-12-31,NA
921184862,LY3039478,Drug,IDB Investigative Drug,NA,NA,NA,2020-09-21,2099-12-31,NA
921184863,LY3300054,Drug,IDB Investigative Drug,NA,NA,NA,2020-09-21,2099-12-31,NA
921184864,LY3321367,Drug,IDB Investigative Drug,NA,NA,NA,2020-09-21,2099-12-31,NA
921184865,LY3405105,Drug,IDB Investigative Drug,NA,NA,NA,2020-09-21,2099-12-31,NA
921184866,LY3415244,Drug,IDB Investigative Drug,NA,NA,NA,2020-09-21,2099-12-31,NA
921184867,LY3499446,Drug,IDB Investigative Drug,NA,NA,NA,2020-09-21,2099-12-31,NA
921184869,LY353381,Drug,IDB Investigative Drug,NA,NA,NA,2020-09-21,2099-12-31,NA
921184870,LY573636,Drug,IDB Investigative Drug,NA,NA,NA,2020-09-21,2099-12-31,NA
921184871,M3814 (MSC2490484A),Drug,IDB Investigative Drug,NA,NA,NA,2020-09-21,2099-12-31,NA
921184872,NECUPARANIB (M402),Drug,IDB Investigative Drug,NA,NA,NA,2020-09-21,2099-12-31,NA
921184873,M6620,Drug,IDB Investigative Drug,NA,NA,NA,2020-09-21,2099-12-31,NA
921184874,MARIMASTAT,Drug,IDB Investigative Drug,NA,NA,NA,2020-09-21,2099-12-31,NA
921184875,MCC (MYCOBACTERIAL CELL WALL-DNA COMPLEX),Drug,IDB Investigative Drug,NA,NA,NA,2020-09-21,2099-12-31,NA
921184876,MCLA-128,Drug,IDB Investigative Drug,NA,NA,NA,2020-09-21,2099-12-31,NA
921184877,MCLA-145,Drug,IDB Investigative Drug,NA,NA,NA,2020-09-21,2099-12-31,NA
921184878,"MDL 73,147EF",Drug,IDB Investigative Drug,NA,NA,NA,2020-09-21,2099-12-31,NA
921184881,MDX-060,Drug,IDB Investigative Drug,NA,NA,NA,2020-09-21,2099-12-31,NA
921184883,MDX-1203,Drug,IDB Investigative Drug,NA,NA,NA,2020-09-21,2099-12-31,NA
921184884,MDX-1401,Drug,IDB Investigative Drug,NA,NA,NA,2020-09-21,2099-12-31,NA
921184885,MDX-1411,Drug,IDB Investigative Drug,NA,NA,NA,2020-09-21,2099-12-31,NA
921184886,MDX447,Drug,IDB Investigative Drug,NA,NA,NA,2020-09-21,2099-12-31,NA
921184887,ME-401,Drug,IDB Investigative Drug,NA,NA,NA,2020-09-21,2099-12-31,NA
921184888,MEDI-3617,Drug,IDB Investigative Drug,NA,NA,NA,2020-09-21,2099-12-31,NA
921184889,MEDI-522 MOAB,Drug,IDB Investigative Drug,NA,NA,NA,2020-09-21,2099-12-31,NA
921184890,MEDI0680 (AMP-514),Drug,IDB Investigative Drug,NA,NA,NA,2020-09-21,2099-12-31,NA
921184892,MEDI5395,Drug,IDB Investigative Drug,NA,NA,NA,2020-09-21,2099-12-31,NA
921184893,MEDI6383,Drug,IDB Investigative Drug,NA,NA,NA,2020-09-21,2099-12-31,NA
921184894,MEDI7247,Drug,IDB Investigative Drug,NA,NA,NA,2020-09-21,2099-12-31,NA
921184895,MEGESTROL,Drug,IDB Investigative Drug,NA,NA,NA,2020-09-21,2099-12-31,NA
921184897,MELARSOPROL,Drug,IDB Investigative Drug,NA,NA,NA,2020-09-21,2099-12-31,NA
921184898,MELFLUFEN,Drug,IDB Investigative Drug,NA,NA,NA,2020-09-21,2099-12-31,NA
921184900,MENOGARIL,Drug,IDB Investigative Drug,NA,NA,NA,2020-09-21,2099-12-31,NA
921184901,MERCAPTOPURINE,Drug,IDB Investigative Drug,NA,NA,NA,2020-09-21,2099-12-31,NA
921184902,METHOTREXATE,Drug,IDB Investigative Drug,NA,NA,NA,2020-09-21,2099-12-31,NA
921184903,MOCETINOSTAT (MGCD0103),Drug,IDB Investigative Drug,NA,NA,NA,2020-09-21,2099-12-31,NA
921184904,MG1-E6E7,Drug,IDB Investigative Drug,NA,NA,NA,2020-09-21,2099-12-31,NA
921184905,MGI-114(HMAF),Drug,IDB Investigative Drug,NA,NA,NA,2020-09-21,2099-12-31,NA
921184906,MIDOSTAURIN,Drug,IDB Investigative Drug,NA,NA,NA,2020-09-21,2099-12-31,NA
921184909,MITOGUAZONE (METHYL GAG),Drug,IDB Investigative Drug,NA,NA,NA,2020-09-21,2099-12-31,NA
921184910,MITOMYCIN,Drug,IDB Investigative Drug,NA,NA,NA,2020-09-21,2099-12-31,NA
921184911,MITOXANTRONE,Drug,IDB Investigative Drug,NA,NA,NA,2020-09-21,2099-12-31,NA
921184912,MK-0457,Drug,IDB Investigative Drug,NA,NA,NA,2020-09-21,2099-12-31,NA
921184913,MK-0646,Drug,IDB Investigative Drug,NA,NA,NA,2020-09-21,2099-12-31,NA
921184914,MK-1308,Drug,IDB Investigative Drug,NA,NA,NA,2020-09-21,2099-12-31,NA
921184915,MK-1775,Drug,IDB Investigative Drug,NA,NA,NA,2020-09-21,2099-12-31,NA
921184916,MK-2206,Drug,IDB Investigative Drug,NA,NA,NA,2020-09-21,2099-12-31,NA
921184917,PEMBROLIZUMAB,Drug,IDB Investigative Drug,NA,NA,NA,2020-09-21,2099-12-31,NA
921184918,MK-4166,Drug,IDB Investigative Drug,NA,NA,NA,2020-09-21,2099-12-31,NA
921184919,MK-4280,Drug,IDB Investigative Drug,NA,NA,NA,2020-09-21,2099-12-31,NA
921184920,MK-4721,Drug,IDB Investigative Drug,NA,NA,NA,2020-09-21,2099-12-31,NA
921184921,MK-4827,Drug,IDB Investigative Drug,NA,NA,NA,2020-09-21,2099-12-31,NA
921184922,MK-8033,Drug,IDB Investigative Drug,NA,NA,NA,2020-09-21,2099-12-31,NA
921184923,"SAPANISERTIB (MLN0128, TAK228)",Drug,IDB Investigative Drug,NA,NA,NA,2020-09-21,2099-12-31,NA
921184924,MLN2704,Drug,IDB Investigative Drug,NA,NA,NA,2020-09-21,2099-12-31,NA
921184927,MM-121,Drug,IDB Investigative Drug,NA,NA,NA,2020-09-21,2099-12-31,NA
921184928,MMPR,Drug,IDB Investigative Drug,NA,NA,NA,2020-09-21,2099-12-31,NA
921184929,MOAB 17-1A (PANOREX),Drug,IDB Investigative Drug,NA,NA,NA,2020-09-21,2099-12-31,NA
921184930,MOAB MEDI-522,Drug,IDB Investigative Drug,NA,NA,NA,2020-09-21,2099-12-31,NA
921184934,MONOCLONAL ANTIBODIES (R24),Drug,IDB Investigative Drug,NA,NA,NA,2020-09-21,2099-12-31,NA
921184935,MONTANIDE,Drug,IDB Investigative Drug,NA,NA,NA,2020-09-21,2099-12-31,NA
921184936,MONTANIDE +/- WT-1 PEPTIDE VACCINE,Drug,IDB Investigative Drug,NA,NA,NA,2020-09-21,2099-12-31,NA
921184937,FARLETUZUMAB (MORAB-003),Drug,IDB Investigative Drug,NA,NA,NA,2020-09-21,2099-12-31,NA
921184938,MORAB-004,Drug,IDB Investigative Drug,NA,NA,NA,2020-09-21,2099-12-31,NA
921184939,MOTEXAFIN,Drug,IDB Investigative Drug,NA,NA,NA,2020-09-21,2099-12-31,NA
921184940,MOTOLIMOD (VTX-2337),Drug,IDB Investigative Drug,NA,NA,NA,2020-09-21,2099-12-31,NA
921184941,MOXETUMOMAB PASUDOTOX,Drug,IDB Investigative Drug,NA,NA,NA,2020-09-21,2099-12-31,NA
921184942,MOXR0916,Drug,IDB Investigative Drug,NA,NA,NA,2020-09-21,2099-12-31,NA
921184945,MRTX849,Drug,IDB Investigative Drug,NA,NA,NA,2020-09-21,2099-12-31,NA
921184947,MSC-1,Drug,IDB Investigative Drug,NA,NA,NA,2020-09-21,2099-12-31,NA
921184948,PIMASERTIB (MSC1936369B),Drug,IDB Investigative Drug,NA,NA,NA,2020-09-21,2099-12-31,NA
921184949,MT-3724,Drug,IDB Investigative Drug,NA,NA,NA,2020-09-21,2099-12-31,NA
921184950,PEMETREXED,Drug,IDB Investigative Drug,NA,NA,NA,2020-09-21,2099-12-31,NA
921184951,TIRAGOLUMAB (RO7092284/MTIG7192A),Drug,IDB Investigative Drug,NA,NA,NA,2020-09-21,2099-12-31,NA
921184952,MTP-PE (CGP 19835A LIPID),Drug,IDB Investigative Drug,NA,NA,NA,2020-09-21,2099-12-31,NA
921184953,MUC-1 KLH,Drug,IDB Investigative Drug,NA,NA,NA,2020-09-21,2099-12-31,NA
921184955,MUC-2 KLH,Drug,IDB Investigative Drug,NA,NA,NA,2020-09-21,2099-12-31,NA
921184956,MUC-2 KLH/QS-21,Drug,IDB Investigative Drug,NA,NA,NA,2020-09-21,2099-12-31,NA
921184957,N-PROP POLYSIALIC ACID/KLH + QS21,Drug,IDB Investigative Drug,NA,NA,NA,2020-09-21,2099-12-31,NA
921184958,"NAB-SIROLIMUS (ABI-009, NAB-RAPAMYCIN)",Drug,IDB Investigative Drug,NA,NA,NA,2020-09-21,2099-12-31,NA
921184960,NARNATUMAB (IMC-RON8),Drug,IDB Investigative Drug,NA,NA,NA,2020-09-21,2099-12-31,NA
921184961,NARSOPLIMAB (OMS721),Drug,IDB Investigative Drug,NA,NA,NA,2020-09-21,2099-12-31,NA
921184966,NEO-PV-01 + POLY-ICLC,Drug,IDB Investigative Drug,NA,NA,NA,2020-09-21,2099-12-31,NA
921184967,NEOD001,Drug,IDB Investigative Drug,NA,NA,NA,2020-09-21,2099-12-31,NA
921184968,NERATINIB,Drug,IDB Investigative Drug,NA,NA,NA,2020-09-21,2099-12-31,NA
921184969,NG-350A,Drug,IDB Investigative Drug,NA,NA,NA,2020-09-21,2099-12-31,NA
921184971,NILUTAMIDE,Drug,IDB Investigative Drug,NA,NA,NA,2020-09-21,2099-12-31,NA
921184972,NIMOTUZUMAB (THERACIM),Drug,IDB Investigative Drug,NA,NA,NA,2020-09-21,2099-12-31,NA
921184973,NIRAPARIB,Drug,IDB Investigative Drug,NA,NA,NA,2020-09-21,2099-12-31,NA
921184974,NIROGACESTAT (PF-03084014),Drug,IDB Investigative Drug,NA,NA,NA,2020-09-21,2099-12-31,NA
921184977,NKTR-262,Drug,IDB Investigative Drug,NA,NA,NA,2020-09-21,2099-12-31,NA
921184978,NP-G2-044,Drug,IDB Investigative Drug,NA,NA,NA,2020-09-21,2099-12-31,NA
921184979,NPI-0052,Drug,IDB Investigative Drug,NA,NA,NA,2020-09-21,2099-12-31,NA
921184980,NT-I7,Drug,IDB Investigative Drug,NA,NA,NA,2020-09-21,2099-12-31,NA
921184981,NY-ESO-1 PROTEIN VACCINE,Drug,IDB Investigative Drug,NA,NA,NA,2020-09-21,2099-12-31,NA
921184982,O(6)-BENZYLGUANINE,Drug,IDB Investigative Drug,NA,NA,NA,2020-09-21,2099-12-31,NA
921184983,OBINUTUZUMAB,Drug,IDB Investigative Drug,NA,NA,NA,2020-09-21,2099-12-31,NA
921184984,OFATUMUMAB,Drug,IDB Investigative Drug,NA,NA,NA,2020-09-21,2099-12-31,NA
921184985,OGX-427,Drug,IDB Investigative Drug,NA,NA,NA,2020-09-21,2099-12-31,NA
921184988,TAREXTUMAB (OMP-59R5),Drug,IDB Investigative Drug,NA,NA,NA,2020-09-21,2099-12-31,NA
921184989,ONAPRISTONE,Drug,IDB Investigative Drug,NA,NA,NA,2020-09-21,2099-12-31,NA
921184990,ONC201,Drug,IDB Investigative Drug,NA,NA,NA,2020-09-21,2099-12-31,NA
921184991,ONCOS-102,Drug,IDB Investigative Drug,NA,NA,NA,2020-09-21,2099-12-31,NA
921184992,OPT-821,Drug,IDB Investigative Drug,NA,NA,NA,2020-09-21,2099-12-31,NA
921184993,ORH-2014,Drug,IDB Investigative Drug,NA,NA,NA,2020-09-21,2099-12-31,NA
921184994,ORIC-101,Drug,IDB Investigative Drug,NA,NA,NA,2020-09-21,2099-12-31,NA
921184995,ORTERONEL (TAK-700),Drug,IDB Investigative Drug,NA,NA,NA,2020-09-21,2099-12-31,NA
921184996,OSI-906,Drug,IDB Investigative Drug,NA,NA,NA,2020-09-21,2099-12-31,NA
921184998,OTS167PO,Drug,IDB Investigative Drug,NA,NA,NA,2020-09-21,2099-12-31,NA
921184999,OXALIPLATIN,Drug,IDB Investigative Drug,NA,NA,NA,2020-09-21,2099-12-31,NA
921185000,P28,Drug,IDB Investigative Drug,NA,NA,NA,2020-09-21,2099-12-31,NA
921185001,PACLITAXEL,Drug,IDB Investigative Drug,NA,NA,NA,2020-09-21,2099-12-31,NA
921185003,PACRITINIB,Drug,IDB Investigative Drug,NA,NA,NA,2020-09-21,2099-12-31,NA
921185004,PALA DISODIUM,Drug,IDB Investigative Drug,NA,NA,NA,2020-09-21,2099-12-31,NA
921185005,PALBOCICLIB,Drug,IDB Investigative Drug,NA,NA,NA,2020-09-21,2099-12-31,NA
921185006,PAMIDRONATE,Drug,IDB Investigative Drug,NA,NA,NA,2020-09-21,2099-12-31,NA
921185007,PANITUMUMAB,Drug,IDB Investigative Drug,NA,NA,NA,2020-09-21,2099-12-31,NA
921185008,PANOBINOSTAT,Drug,IDB Investigative Drug,NA,NA,NA,2020-09-21,2099-12-31,NA
921185009,PATUPILONE (EPO906),Drug,IDB Investigative Drug,NA,NA,NA,2020-09-21,2099-12-31,NA
921185010,PAZOPANIB,Drug,IDB Investigative Drug,NA,NA,NA,2020-09-21,2099-12-31,NA
921185011,PBI-SHRNA EWS/FLI1 TYPE 1 LPX,Drug,IDB Investigative Drug,NA,NA,NA,2020-09-21,2099-12-31,NA
921185013,PCK3145,Drug,IDB Investigative Drug,NA,NA,NA,2020-09-21,2099-12-31,NA
921185014,PCNU,Drug,IDB Investigative Drug,NA,NA,NA,2020-09-21,2099-12-31,NA
921185016,PD-0325901,Drug,IDB Investigative Drug,NA,NA,NA,2020-09-21,2099-12-31,NA
921185017,SPARTALIZUMAB (PDR001),Drug,IDB Investigative Drug,NA,NA,NA,2020-09-21,2099-12-31,NA
921185018,PRALATREXATE,Drug,IDB Investigative Drug,NA,NA,NA,2020-09-21,2099-12-31,NA
921185019,PEGASPARGASE,Drug,IDB Investigative Drug,NA,NA,NA,2020-09-21,2099-12-31,NA
921185020,PEGPH20,Drug,IDB Investigative Drug,NA,NA,NA,2020-09-21,2099-12-31,NA
921185023,PENTOSTATIN,Drug,IDB Investigative Drug,NA,NA,NA,2020-09-21,2099-12-31,NA
921185024,PERIFOSINE,Drug,IDB Investigative Drug,NA,NA,NA,2020-09-21,2099-12-31,NA
921185025,PERILLYL,Drug,IDB Investigative Drug,NA,NA,NA,2020-09-21,2099-12-31,NA
921185026,PERTUZUMAB,Drug,IDB Investigative Drug,NA,NA,NA,2020-09-21,2099-12-31,NA
921185027,PEVONEDISTAT (MLN4924),Drug,IDB Investigative Drug,NA,NA,NA,2020-09-21,2099-12-31,NA
921185028,PEXIDARTINIB,Drug,IDB Investigative Drug,NA,NA,NA,2020-09-21,2099-12-31,NA
921185030,PF-00477736,Drug,IDB Investigative Drug,NA,NA,NA,2020-09-21,2099-12-31,NA
921185032,PF-04136309,Drug,IDB Investigative Drug,NA,NA,NA,2020-09-21,2099-12-31,NA
921185033,UTOMILUMAB (PF-05082566),Drug,IDB Investigative Drug,NA,NA,NA,2020-09-21,2099-12-31,NA
921185035,PF-06671008,Drug,IDB Investigative Drug,NA,NA,NA,2020-09-21,2099-12-31,NA
921185036,PF-06688992,Drug,IDB Investigative Drug,NA,NA,NA,2020-09-21,2099-12-31,NA
921185037,PF-06755990,Drug,IDB Investigative Drug,NA,NA,NA,2020-09-21,2099-12-31,NA
921185038,PF-06755992 (ADC68),Drug,IDB Investigative Drug,NA,NA,NA,2020-09-21,2099-12-31,NA
921185039,PF-06801591,Drug,IDB Investigative Drug,NA,NA,NA,2020-09-21,2099-12-31,NA
921185040,PF-06863135,Drug,IDB Investigative Drug,NA,NA,NA,2020-09-21,2099-12-31,NA
921185041,PF-06873600 MR,Drug,IDB Investigative Drug,NA,NA,NA,2020-09-21,2099-12-31,NA
921185043,PINGMUTYR,Drug,IDB Investigative Drug,NA,NA,NA,2020-09-21,2099-12-31,NA
921185045,PIXY321,Drug,IDB Investigative Drug,NA,NA,NA,2020-09-21,2099-12-31,NA
921185047,"GEDATOLISIB (PKI-587, PF-05212384)",Drug,IDB Investigative Drug,NA,NA,NA,2020-09-21,2099-12-31,NA
921185049,VEMURAFENIB,Drug,IDB Investigative Drug,NA,NA,NA,2020-09-21,2099-12-31,NA
921185050,PLX8394 (SDD FORMULATION),Drug,IDB Investigative Drug,NA,NA,NA,2020-09-21,2099-12-31,NA
921185051,PLX9486,Drug,IDB Investigative Drug,NA,NA,NA,2020-09-21,2099-12-31,NA
921185053,POLATUZUMAB VEDOTIN,Drug,IDB Investigative Drug,NA,NA,NA,2020-09-21,2099-12-31,NA
921185054,POLY-ICLC,Drug,IDB Investigative Drug,NA,NA,NA,2020-09-21,2099-12-31,NA
921185055,POLYVALENT VACCINE 00-106,Drug,IDB Investigative Drug,NA,NA,NA,2020-09-21,2099-12-31,NA
921185056,POLYVALENT VACCINE 01-019,Drug,IDB Investigative Drug,NA,NA,NA,2020-09-21,2099-12-31,NA
921185057,POLYVALENT VACCINE 10-099 + OPT-821,Drug,IDB Investigative Drug,NA,NA,NA,2020-09-21,2099-12-31,NA
921185058,POMALIDOMIDE,Drug,IDB Investigative Drug,NA,NA,NA,2020-09-21,2099-12-31,NA
921185059,PONATINIB,Drug,IDB Investigative Drug,NA,NA,NA,2020-09-21,2099-12-31,NA
921185062,PREXASERTIB (LY2606368),Drug,IDB Investigative Drug,NA,NA,NA,2020-09-21,2099-12-31,NA
921185063,PRINOMASTAT (AG-3340),Drug,IDB Investigative Drug,NA,NA,NA,2020-09-21,2099-12-31,NA
921185064,PROCARBAZINE,Drug,IDB Investigative Drug,NA,NA,NA,2020-09-21,2099-12-31,NA
921185065,PROSTVAC-F,Drug,IDB Investigative Drug,NA,NA,NA,2020-09-21,2099-12-31,NA
921185066,PROSTVAC-V,Drug,IDB Investigative Drug,NA,NA,NA,2020-09-21,2099-12-31,NA
921185067,PRS-343,Drug,IDB Investigative Drug,NA,NA,NA,2020-09-21,2099-12-31,NA
921185068,PRT062070,Drug,IDB Investigative Drug,NA,NA,NA,2020-09-21,2099-12-31,NA
921185070,PSMA DNA VACCINE,Drug,IDB Investigative Drug,NA,NA,NA,2020-09-21,2099-12-31,NA
921185071,PSMA/ALHYDROGEL,Drug,IDB Investigative Drug,NA,NA,NA,2020-09-21,2099-12-31,NA
921185072,PT2385,Drug,IDB Investigative Drug,NA,NA,NA,2020-09-21,2099-12-31,NA
921185073,PTC299,Drug,IDB Investigative Drug,NA,NA,NA,2020-09-21,2099-12-31,NA
921185074,PTC596,Drug,IDB Investigative Drug,NA,NA,NA,2020-09-21,2099-12-31,NA
921185075,VATALANIB (PTK787/ZK222584),Drug,IDB Investigative Drug,NA,NA,NA,2020-09-21,2099-12-31,NA
921185076,PU-H71,Drug,IDB Investigative Drug,NA,NA,NA,2020-09-21,2099-12-31,NA
921185077,PYRAZOLOACRIDINE,Drug,IDB Investigative Drug,NA,NA,NA,2020-09-21,2099-12-31,NA
921185078,PYROTINIB (SHR1258),Drug,IDB Investigative Drug,NA,NA,NA,2020-09-21,2099-12-31,NA
921185079,PYROXAMIDE,Drug,IDB Investigative Drug,NA,NA,NA,2020-09-21,2099-12-31,NA
921185080,QAX576,Drug,IDB Investigative Drug,NA,NA,NA,2020-09-21,2099-12-31,NA
921185081,QS-21,Drug,IDB Investigative Drug,NA,NA,NA,2020-09-21,2099-12-31,NA
921185082,QS-DG,Drug,IDB Investigative Drug,NA,NA,NA,2020-09-21,2099-12-31,NA
921185084,TIPIFARNIB (R115777),Drug,IDB Investigative Drug,NA,NA,NA,2020-09-21,2099-12-31,NA
921185085,R1507 (CHO),Drug,IDB Investigative Drug,NA,NA,NA,2020-09-21,2099-12-31,NA
921185087,RALOXIFENE,Drug,IDB Investigative Drug,NA,NA,NA,2020-09-21,2099-12-31,NA
921185088,RALTITREXED,Drug,IDB Investigative Drug,NA,NA,NA,2020-09-21,2099-12-31,NA
921185090,RC-P (JZP-458),Drug,IDB Investigative Drug,NA,NA,NA,2020-09-21,2099-12-31,NA
921185091,REBECCAMYCIN,Drug,IDB Investigative Drug,NA,NA,NA,2020-09-21,2099-12-31,NA
921185092,RECMAGE-A3 + AS15 ASCI,Drug,IDB Investigative Drug,NA,NA,NA,2020-09-21,2099-12-31,NA
921185093,REGN1400,Drug,IDB Investigative Drug,NA,NA,NA,2020-09-21,2099-12-31,NA
921185095,REGN3767,Drug,IDB Investigative Drug,NA,NA,NA,2020-09-21,2099-12-31,NA
921185096,REGORAFENIB,Drug,IDB Investigative Drug,NA,NA,NA,2020-09-21,2099-12-31,NA
921185098,REPOTRECTINIB (TPX-0005),Drug,IDB Investigative Drug,NA,NA,NA,2020-09-21,2099-12-31,NA
921185099,RESIQUIMOD,Drug,IDB Investigative Drug,NA,NA,NA,2020-09-21,2099-12-31,NA
921185100,RG 12915,Drug,IDB Investigative Drug,NA,NA,NA,2020-09-21,2099-12-31,NA
921185101,RG 83852,Drug,IDB Investigative Drug,NA,NA,NA,2020-09-21,2099-12-31,NA
921185102,RGX-104,Drug,IDB Investigative Drug,NA,NA,NA,2020-09-21,2099-12-31,NA
921185103,RGX-202-01,Drug,IDB Investigative Drug,NA,NA,NA,2020-09-21,2099-12-31,NA
921185107,RILOTUMUMAB,Drug,IDB Investigative Drug,NA,NA,NA,2020-09-21,2099-12-31,NA
921185109,RITUXIMAB,Drug,IDB Investigative Drug,NA,NA,NA,2020-09-21,2099-12-31,NA
921185110,RIVOCERANIB,Drug,IDB Investigative Drug,NA,NA,NA,2020-09-21,2099-12-31,NA
921185111,RO31-7453,Drug,IDB Investigative Drug,NA,NA,NA,2020-09-21,2099-12-31,NA
921185112,RO4929097,Drug,IDB Investigative Drug,NA,NA,NA,2020-09-21,2099-12-31,NA
921185113,RO5045337 (R7112),Drug,IDB Investigative Drug,NA,NA,NA,2020-09-21,2099-12-31,NA
921185115,RO5126766 (CH5126766),Drug,IDB Investigative Drug,NA,NA,NA,2020-09-21,2099-12-31,NA
921185121,SELICRELUMAB (RO7009789),Drug,IDB Investigative Drug,NA,NA,NA,2020-09-21,2099-12-31,NA
921185122,RO7198457-A,Drug,IDB Investigative Drug,NA,NA,NA,2020-09-21,2099-12-31,NA
921185123,RO7198457-B,Drug,IDB Investigative Drug,NA,NA,NA,2020-09-21,2099-12-31,NA
921185124,ROCILETINIB,Drug,IDB Investigative Drug,NA,NA,NA,2020-09-21,2099-12-31,NA
921185125,ROGARATINIB (BAY1163877),Drug,IDB Investigative Drug,NA,NA,NA,2020-09-21,2099-12-31,NA
921185126,ROMIDEPSIN,Drug,IDB Investigative Drug,NA,NA,NA,2020-09-21,2099-12-31,NA
921185127,ROVALPITUZUMAB (SC16LD6.5),Drug,IDB Investigative Drug,NA,NA,NA,2020-09-21,2099-12-31,NA
921185128,RUCAPARIB,Drug,IDB Investigative Drug,NA,NA,NA,2020-09-21,2099-12-31,NA
921185129,RUXOLITINIB,Drug,IDB Investigative Drug,NA,NA,NA,2020-09-21,2099-12-31,NA
921185131,RXDX-105,Drug,IDB Investigative Drug,NA,NA,NA,2020-09-21,2099-12-31,NA
921185132,S-002,Drug,IDB Investigative Drug,NA,NA,NA,2020-09-21,2099-12-31,NA
921185133,S-1,Drug,IDB Investigative Drug,NA,NA,NA,2020-09-21,2099-12-31,NA
921185134,SACITUZUMAB GOVITECAN,Drug,IDB Investigative Drug,NA,NA,NA,2020-09-21,2099-12-31,NA
921185135,SAFINGOL,Drug,IDB Investigative Drug,NA,NA,NA,2020-09-21,2099-12-31,NA
921185136,SAHA,Drug,IDB Investigative Drug,NA,NA,NA,2020-09-21,2099-12-31,NA
921185137,SALIRASIB,Drug,IDB Investigative Drug,NA,NA,NA,2020-09-21,2099-12-31,NA
921185138,SAPACITABINE,Drug,IDB Investigative Drug,NA,NA,NA,2020-09-21,2099-12-31,NA
921185139,"VOXTALISIB (SAR245409, XL765)",Drug,IDB Investigative Drug,NA,NA,NA,2020-09-21,2099-12-31,NA
921185140,SAR405838,Drug,IDB Investigative Drug,NA,NA,NA,2020-09-21,2099-12-31,NA
921185141,SAR439859,Drug,IDB Investigative Drug,NA,NA,NA,2020-09-21,2099-12-31,NA
921185143,SATRAPLATIN,Drug,IDB Investigative Drug,NA,NA,NA,2020-09-21,2099-12-31,NA
921185145,SB-743921,Drug,IDB Investigative Drug,NA,NA,NA,2020-09-21,2099-12-31,NA
921185146,SC-002,Drug,IDB Investigative Drug,NA,NA,NA,2020-09-21,2099-12-31,NA
921185147,SC-003,Drug,IDB Investigative Drug,NA,NA,NA,2020-09-21,2099-12-31,NA
921185148,SC-006,Drug,IDB Investigative Drug,NA,NA,NA,2020-09-21,2099-12-31,NA
921185150,SCH 717454,Drug,IDB Investigative Drug,NA,NA,NA,2020-09-21,2099-12-31,NA
921185151,SCH66336,Drug,IDB Investigative Drug,NA,NA,NA,2020-09-21,2099-12-31,NA
921185152,SDX-102,Drug,IDB Investigative Drug,NA,NA,NA,2020-09-21,2099-12-31,NA
921185159,SGN-40,Drug,IDB Investigative Drug,NA,NA,NA,2020-09-21,2099-12-31,NA
921185160,SGN-75,Drug,IDB Investigative Drug,NA,NA,NA,2020-09-21,2099-12-31,NA
921185162,SGN-CD19B,Drug,IDB Investigative Drug,NA,NA,NA,2020-09-21,2099-12-31,NA
921185163,VADASTUXIMAB (SGN-CD33A),Drug,IDB Investigative Drug,NA,NA,NA,2020-09-21,2099-12-31,NA
921185164,SGN-LIV1A,Drug,IDB Investigative Drug,NA,NA,NA,2020-09-21,2099-12-31,NA
921185165,SHO-SAIKO-TO,Drug,IDB Investigative Drug,NA,NA,NA,2020-09-21,2099-12-31,NA
921185166,SIALYL LEWIS-KLH + QS-21,Drug,IDB Investigative Drug,NA,NA,NA,2020-09-21,2099-12-31,NA
921185167,SILTUXIMAB,Drug,IDB Investigative Drug,NA,NA,NA,2020-09-21,2099-12-31,NA
921185168,SITRAVATINIB (MGCD516),Drug,IDB Investigative Drug,NA,NA,NA,2020-09-21,2099-12-31,NA
921185169,SJG-136,Drug,IDB Investigative Drug,NA,NA,NA,2020-09-21,2099-12-31,NA
921185170,SM-88,Drug,IDB Investigative Drug,NA,NA,NA,2020-09-21,2099-12-31,NA
921185171,SNDX-5613,Drug,IDB Investigative Drug,NA,NA,NA,2020-09-21,2099-12-31,NA
921185172,SNS-062,Drug,IDB Investigative Drug,NA,NA,NA,2020-09-21,2099-12-31,NA
921185173,VOSAROXIN (SNS-595),Drug,IDB Investigative Drug,NA,NA,NA,2020-09-21,2099-12-31,NA
921185174,SNX-5422,Drug,IDB Investigative Drug,NA,NA,NA,2020-09-21,2099-12-31,NA
921185175,SODIUM IODIDE I-131,Drug,IDB Investigative Drug,NA,NA,NA,2020-09-21,2099-12-31,NA
921185176,SOR007,Drug,IDB Investigative Drug,NA,NA,NA,2020-09-21,2099-12-31,NA
921185178,SP-2577,Drug,IDB Investigative Drug,NA,NA,NA,2020-09-21,2099-12-31,NA
921185179,SRF231,Drug,IDB Investigative Drug,NA,NA,NA,2020-09-21,2099-12-31,NA
921185180,ST1481,Drug,IDB Investigative Drug,NA,NA,NA,2020-09-21,2099-12-31,NA
921185182,STM 434,Drug,IDB Investigative Drug,NA,NA,NA,2020-09-21,2099-12-31,NA
921185183,STN-KLH,Drug,IDB Investigative Drug,NA,NA,NA,2020-09-21,2099-12-31,NA
921185184,SU011248,Drug,IDB Investigative Drug,NA,NA,NA,2020-09-21,2099-12-31,NA
921185185,SU101,Drug,IDB Investigative Drug,NA,NA,NA,2020-09-21,2099-12-31,NA
921185186,SU5416 (SEMAXANIB),Drug,IDB Investigative Drug,NA,NA,NA,2020-09-21,2099-12-31,NA
921185187,SU6668,Drug,IDB Investigative Drug,NA,NA,NA,2020-09-21,2099-12-31,NA
921185188,SUNITINIB,Drug,IDB Investigative Drug,NA,NA,NA,2020-09-21,2099-12-31,NA
921185189,SURAMIN,Drug,IDB Investigative Drug,NA,NA,NA,2020-09-21,2099-12-31,NA
921185190,SURUFATINIB (HMPL-012),Drug,IDB Investigative Drug,NA,NA,NA,2020-09-21,2099-12-31,NA
921185191,TAMIBAROTENE (SY-1425),Drug,IDB Investigative Drug,NA,NA,NA,2020-09-21,2099-12-31,NA
921185192,T138067-SODIUM,Drug,IDB Investigative Drug,NA,NA,NA,2020-09-21,2099-12-31,NA
921185197,TALIMOGENE LAHERPAREPVEC,Drug,IDB Investigative Drug,NA,NA,NA,2020-09-21,2099-12-31,NA
921185199,TAMOXIFEN,Drug,IDB Investigative Drug,NA,NA,NA,2020-09-21,2099-12-31,NA
921185200,TIPIRACIL-TRIFLURIDINE,Drug,IDB Investigative Drug,NA,NA,NA,2020-09-21,2099-12-31,NA
921185201,TAS-119,Drug,IDB Investigative Drug,NA,NA,NA,2020-09-21,2099-12-31,NA
921185202,TAS-120,Drug,IDB Investigative Drug,NA,NA,NA,2020-09-21,2099-12-31,NA
921185203,TAS3681,Drug,IDB Investigative Drug,NA,NA,NA,2020-09-21,2099-12-31,NA
921185205,TAZEMETOSTAT,Drug,IDB Investigative Drug,NA,NA,NA,2020-09-21,2099-12-31,NA
921185206,TEGAVIVINT (BC2059),Drug,IDB Investigative Drug,NA,NA,NA,2020-09-21,2099-12-31,NA
921185207,TEMOZOLOMIDE,Drug,IDB Investigative Drug,NA,NA,NA,2020-09-21,2099-12-31,NA
921185209,TENIPOSIDE,Drug,IDB Investigative Drug,NA,NA,NA,2020-09-21,2099-12-31,NA
921185210,TEPOTINIB (MSC2156119J),Drug,IDB Investigative Drug,NA,NA,NA,2020-09-21,2099-12-31,NA
921185211,TERAMEPROCOL,Drug,IDB Investigative Drug,NA,NA,NA,2020-09-21,2099-12-31,NA
921185212,TERMURTIDE,Drug,IDB Investigative Drug,NA,NA,NA,2020-09-21,2099-12-31,NA
921185213,TESETAXEL,Drug,IDB Investigative Drug,NA,NA,NA,2020-09-21,2099-12-31,NA
921185214,TETRATHIOMOLYBDATE,Drug,IDB Investigative Drug,NA,NA,NA,2020-09-21,2099-12-31,NA
921185215,TF(C)KLH,Drug,IDB Investigative Drug,NA,NA,NA,2020-09-21,2099-12-31,NA
921185216,TG-1501 (CK-301),Drug,IDB Investigative Drug,NA,NA,NA,2020-09-21,2099-12-31,NA
921185217,TH-302,Drug,IDB Investigative Drug,NA,NA,NA,2020-09-21,2099-12-31,NA
921185218,THALIDOMIDE,Drug,IDB Investigative Drug,NA,NA,NA,2020-09-21,2099-12-31,NA
921185219,THIOGUANINE,Drug,IDB Investigative Drug,NA,NA,NA,2020-09-21,2099-12-31,NA
921185220,THIOTEPA,Drug,IDB Investigative Drug,NA,NA,NA,2020-09-21,2099-12-31,NA
921185221,"TICILIMUMAB (CP-675,206)",Drug,IDB Investigative Drug,NA,NA,NA,2020-09-21,2099-12-31,NA
921185222,TIGATUZUMAB (CS-1008),Drug,IDB Investigative Drug,NA,NA,NA,2020-09-21,2099-12-31,NA
921185226,TIRAPAZAMINE,Drug,IDB Investigative Drug,NA,NA,NA,2020-09-21,2099-12-31,NA
921185227,TISAGENLECLEUCEL,Drug,IDB Investigative Drug,NA,NA,NA,2020-09-21,2099-12-31,NA
921185228,TISOTUMAB VEDOTIN (HUMAX-TF-ADC),Drug,IDB Investigative Drug,NA,NA,NA,2020-09-21,2099-12-31,NA
921185230,TK216,Drug,IDB Investigative Drug,NA,NA,NA,2020-09-21,2099-12-31,NA
921185231,TKI258,Drug,IDB Investigative Drug,NA,NA,NA,2020-09-21,2099-12-31,NA
921185232,TKM-080301,Drug,IDB Investigative Drug,NA,NA,NA,2020-09-21,2099-12-31,NA
921185234,TLK286,Drug,IDB Investigative Drug,NA,NA,NA,2020-09-21,2099-12-31,NA
921185235,TN(C)KLH,Drug,IDB Investigative Drug,NA,NA,NA,2020-09-21,2099-12-31,NA
921185236,TN(C)PAM,Drug,IDB Investigative Drug,NA,NA,NA,2020-09-21,2099-12-31,NA
921185237,TNO155,Drug,IDB Investigative Drug,NA,NA,NA,2020-09-21,2099-12-31,NA
921185238,TNP-470,Drug,IDB Investigative Drug,NA,NA,NA,2020-09-21,2099-12-31,NA
921185239,TNX-650,Drug,IDB Investigative Drug,NA,NA,NA,2020-09-21,2099-12-31,NA
921185240,TOPOTECAN,Drug,IDB Investigative Drug,NA,NA,NA,2020-09-21,2099-12-31,NA
921185241,TOSEDOSTAT,Drug,IDB Investigative Drug,NA,NA,NA,2020-09-21,2099-12-31,NA
921185242,TOSITUMOMAB,Drug,IDB Investigative Drug,NA,NA,NA,2020-09-21,2099-12-31,NA
921185243,TP40,Drug,IDB Investigative Drug,NA,NA,NA,2020-09-21,2099-12-31,NA
921185244,TPIV200,Drug,IDB Investigative Drug,NA,NA,NA,2020-09-21,2099-12-31,NA
921185246,TPX-0046,Drug,IDB Investigative Drug,NA,NA,NA,2020-09-21,2099-12-31,NA
921185249,TRASTUZUMAB,Drug,IDB Investigative Drug,NA,NA,NA,2020-09-21,2099-12-31,NA
921185251,TRC105,Drug,IDB Investigative Drug,NA,NA,NA,2020-09-21,2099-12-31,NA
921185252,TRC253,Drug,IDB Investigative Drug,NA,NA,NA,2020-09-21,2099-12-31,NA
921185253,TREMELIMUMAB,Drug,IDB Investigative Drug,NA,NA,NA,2020-09-21,2099-12-31,NA
921185254,TRETINOIN,Drug,IDB Investigative Drug,NA,NA,NA,2020-09-21,2099-12-31,NA
921185255,TRIPTORELIN,Drug,IDB Investigative Drug,NA,NA,NA,2020-09-21,2099-12-31,NA
921185256,TRM-1,Drug,IDB Investigative Drug,NA,NA,NA,2020-09-21,2099-12-31,NA
921185257,TROXACITABINE,Drug,IDB Investigative Drug,NA,NA,NA,2020-09-21,2099-12-31,NA
921185258,TRX518,Drug,IDB Investigative Drug,NA,NA,NA,2020-09-21,2099-12-31,NA
921185260,TTI-621,Drug,IDB Investigative Drug,NA,NA,NA,2020-09-21,2099-12-31,NA
921185261,TTI-622,Drug,IDB Investigative Drug,NA,NA,NA,2020-09-21,2099-12-31,NA
921185262,TTX-030,Drug,IDB Investigative Drug,NA,NA,NA,2020-09-21,2099-12-31,NA
921185263,TUCATINIB,Drug,IDB Investigative Drug,NA,NA,NA,2020-09-21,2099-12-31,NA
921185264,TUMOR NECROSIS FACTOR,Drug,IDB Investigative Drug,NA,NA,NA,2020-09-21,2099-12-31,NA
921185265,TYROSINASE DNA VACCINE,Drug,IDB Investigative Drug,NA,NA,NA,2020-09-21,2099-12-31,NA
921185266,TYROSINASE:368-376(370D) PEPTIDE,Drug,IDB Investigative Drug,NA,NA,NA,2020-09-21,2099-12-31,NA
921185267,TYROSINASE/GP100/HSP70,Drug,IDB Investigative Drug,NA,NA,NA,2020-09-21,2099-12-31,NA
921185268,TYRP2 DNA,Drug,IDB Investigative Drug,NA,NA,NA,2020-09-21,2099-12-31,NA
921185269,TZT-1027,Drug,IDB Investigative Drug,NA,NA,NA,2020-09-21,2099-12-31,NA
921185270,U3-1287 (AMG 888),Drug,IDB Investigative Drug,NA,NA,NA,2020-09-21,2099-12-31,NA
921185271,U3-1402,Drug,IDB Investigative Drug,NA,NA,NA,2020-09-21,2099-12-31,NA
921185272,UBLITUXIMAB (TG-1101),Drug,IDB Investigative Drug,NA,NA,NA,2020-09-21,2099-12-31,NA
921185273,UCN-01,Drug,IDB Investigative Drug,NA,NA,NA,2020-09-21,2099-12-31,NA
921185274,UFT,Drug,IDB Investigative Drug,NA,NA,NA,2020-09-21,2099-12-31,NA
921185276,ULOCUPLUMAB (BMS-936564),Drug,IDB Investigative Drug,NA,NA,NA,2020-09-21,2099-12-31,NA
921185277,UMBRALISIB (TGR-1202),Drug,IDB Investigative Drug,NA,NA,NA,2020-09-21,2099-12-31,NA
921185278,UPROLESELAN (GMI-1271),Drug,IDB Investigative Drug,NA,NA,NA,2020-09-21,2099-12-31,NA
921185281,VACCINE 08-095 + OPT-821,Drug,IDB Investigative Drug,NA,NA,NA,2020-09-21,2099-12-31,NA
921185283,VAK694,Drug,IDB Investigative Drug,NA,NA,NA,2020-09-21,2099-12-31,NA
921185284,VANDETANIB,Drug,IDB Investigative Drug,NA,NA,NA,2020-09-21,2099-12-31,NA
921185285,VARLILUMAB,Drug,IDB Investigative Drug,NA,NA,NA,2020-09-21,2099-12-31,NA
921185286,VELEDIMEX,Drug,IDB Investigative Drug,NA,NA,NA,2020-09-21,2099-12-31,NA
921185290,VINBLASTINE,Drug,IDB Investigative Drug,NA,NA,NA,2020-09-21,2099-12-31,NA
921185291,VINCRISTINE,Drug,IDB Investigative Drug,NA,NA,NA,2020-09-21,2099-12-31,NA
921185292,VINCRISTINE LIPOSOME,Drug,IDB Investigative Drug,NA,NA,NA,2020-09-21,2099-12-31,NA
921185293,VINORELBINE,Drug,IDB Investigative Drug,NA,NA,NA,2020-09-21,2099-12-31,NA
921185294,VINTAFOLIDE (EC145),Drug,IDB Investigative Drug,NA,NA,NA,2020-09-21,2099-12-31,NA
921185296,VISTUSERTIB (AZD2014),Drug,IDB Investigative Drug,NA,NA,NA,2020-09-21,2099-12-31,NA
921185297,VLX1570,Drug,IDB Investigative Drug,NA,NA,NA,2020-09-21,2099-12-31,NA
921185298,VOLOCIXIMAB,Drug,IDB Investigative Drug,NA,NA,NA,2020-09-21,2099-12-31,NA
921185299,VORINOSTAT,Drug,IDB Investigative Drug,NA,NA,NA,2020-09-21,2099-12-31,NA
921185301,VS-5584,Drug,IDB Investigative Drug,NA,NA,NA,2020-09-21,2099-12-31,NA
921185303,SEVITERONEL (VT-464),Drug,IDB Investigative Drug,NA,NA,NA,2020-09-21,2099-12-31,NA
921185305,VX-710,Drug,IDB Investigative Drug,NA,NA,NA,2020-09-21,2099-12-31,NA
921185306,WST11,Drug,IDB Investigative Drug,NA,NA,NA,2020-09-21,2099-12-31,NA
921185308,XL281,Drug,IDB Investigative Drug,NA,NA,NA,2020-09-21,2099-12-31,NA
921185309,TESEVATINIB (XL647),Drug,IDB Investigative Drug,NA,NA,NA,2020-09-21,2099-12-31,NA
921185311,XL844,Drug,IDB Investigative Drug,NA,NA,NA,2020-09-21,2099-12-31,NA
921185312,XMAB18087,Drug,IDB Investigative Drug,NA,NA,NA,2020-09-21,2099-12-31,NA
921185313,XOMAZYME,Drug,IDB Investigative Drug,NA,NA,NA,2020-09-21,2099-12-31,NA
921185314,YIV-906,Drug,IDB Investigative Drug,NA,NA,NA,2020-09-21,2099-12-31,NA
921185315,YTTRIUM Y-90 CLIVATUZUMAB,Drug,IDB Investigative Drug,NA,NA,NA,2020-09-21,2099-12-31,NA
921185316,ZANUBRUTINIB,Drug,IDB Investigative Drug,NA,NA,NA,2020-09-21,2099-12-31,NA
921185317,ZD0473,Drug,IDB Investigative Drug,NA,NA,NA,2020-09-21,2099-12-31,NA
921185320,ZEN003694,Drug,IDB Investigative Drug,NA,NA,NA,2020-09-21,2099-12-31,NA
921185321,ZIV-AFLIBERCEPT (VEGF TRAP),Drug,IDB Investigative Drug,NA,NA,NA,2020-09-21,2099-12-31,NA
921185323,ZOLEDRONIC ACID,Drug,IDB Investigative Drug,NA,NA,NA,2020-09-21,2099-12-31,NA
921185324,ZW25,Drug,IDB Investigative Drug,NA,NA,NA,2020-09-21,2099-12-31,NA
921185325,ZW49,Drug,IDB Investigative Drug,NA,NA,NA,2020-09-21,2099-12-31,NA
922221156,MEDI1191,Drug,IDB Investigative Drug,NA,NA,NA,2020-09-22,2099-12-31,NA
922221157,VALEMETOSTAT,Drug,IDB Investigative Drug,NA,NA,NA,2020-09-22,2099-12-31,NA
