rnuv_datetime,rn_url,is_404
2020-09-21T15:15:55Z,https://chem.nlm.nih.gov/chemidplus/rn/2152628-33-4,FALSE
2020-09-21T16:30:47Z,https://chem.nlm.nih.gov/chemidplus/rn/56-65-5,FALSE
2020-09-21T16:31:45Z,https://chem.nlm.nih.gov/chemidplus/rn/137605-02-8,FALSE
2020-09-21T16:31:52Z,https://chem.nlm.nih.gov/chemidplus/rn/93908-02-2,FALSE
2020-09-21T16:32:03Z,https://chem.nlm.nih.gov/chemidplus/rn/112887-68-0,FALSE
2020-09-21T16:33:36Z,https://chem.nlm.nih.gov/chemidplus/rn/4299-28-9,FALSE
2020-09-21T16:33:43Z,https://chem.nlm.nih.gov/chemidplus/rn/528-74-5,FALSE
2020-09-21T16:33:50Z,https://chem.nlm.nih.gov/chemidplus/rn/5472-96-8,FALSE
2020-09-21T16:33:57Z,https://chem.nlm.nih.gov/chemidplus/rn/751-75-7,FALSE
2020-09-21T16:34:12Z,https://chem.nlm.nih.gov/chemidplus/rn/918504-65-1,FALSE
2020-09-21T16:34:41Z,https://chem.nlm.nih.gov/chemidplus/rn/572924-54-0,FALSE
2020-09-21T16:35:01Z,https://chem.nlm.nih.gov/chemidplus/rn/2266582-92-5,FALSE
2020-09-21T16:35:08Z,https://chem.nlm.nih.gov/chemidplus/rn/2266582-96-9,FALSE
2020-09-21T16:35:14Z,https://chem.nlm.nih.gov/chemidplus/rn/5291-32-7,FALSE
2020-09-21T16:38:18Z,https://chem.nlm.nih.gov/chemidplus/rn/2348469-84-9,FALSE
2020-09-21T16:38:25Z,https://chem.nlm.nih.gov/chemidplus/rn/63715-96-8,FALSE
2020-09-21T16:38:31Z,https://chem.nlm.nih.gov/chemidplus/rn/63744-50-3,FALSE
2020-09-21T16:38:38Z,https://chem.nlm.nih.gov/chemidplus/rn/63991-86-6,FALSE
2020-09-21T16:38:45Z,https://chem.nlm.nih.gov/chemidplus/rn/7250-71-7,FALSE
2020-09-21T16:39:59Z,https://chem.nlm.nih.gov/chemidplus/rn/906805-06-9,FALSE
2020-09-21T16:44:35Z,https://chem.nlm.nih.gov/chemidplus/rn/1417318-27-4,FALSE
2020-09-21T16:44:59Z,https://chem.nlm.nih.gov/chemidplus/rn/192185-72-1,FALSE
2020-09-21T16:45:34Z,https://chem.nlm.nih.gov/chemidplus/rn/85622-93-1,FALSE
2020-09-21T16:47:57Z,https://chem.nlm.nih.gov/chemidplus/rn/1038915-64-8,FALSE
2020-09-21T16:48:04Z,https://chem.nlm.nih.gov/chemidplus/rn/1038915-73-9,FALSE
2020-09-21T16:48:11Z,https://chem.nlm.nih.gov/chemidplus/rn/1613220-15-7,FALSE
2020-09-21T16:48:47Z,https://chem.nlm.nih.gov/chemidplus/rn/1453084-37-1,FALSE
2020-09-21T16:49:11Z,https://chem.nlm.nih.gov/chemidplus/rn/407577-53-1,FALSE
2020-09-21T16:49:18Z,https://chem.nlm.nih.gov/chemidplus/rn/98008-06-1,FALSE
2020-09-21T16:49:31Z,https://chem.nlm.nih.gov/chemidplus/rn/113942-30-6,FALSE
2020-09-21T16:49:39Z,https://chem.nlm.nih.gov/chemidplus/rn/114601-31-9,FALSE
2020-09-21T16:49:46Z,https://chem.nlm.nih.gov/chemidplus/rn/1361198-79-9,FALSE
2020-09-21T16:50:34Z,https://chem.nlm.nih.gov/chemidplus/rn/284461-74-1,FALSE
2020-09-21T16:50:41Z,https://chem.nlm.nih.gov/chemidplus/rn/583840-03-3,FALSE
2020-09-21T16:50:48Z,https://chem.nlm.nih.gov/chemidplus/rn/583840-04-4,FALSE
2020-09-21T16:51:56Z,https://chem.nlm.nih.gov/chemidplus/rn/1703793-34-3,FALSE
2020-09-21T16:53:33Z,https://chem.nlm.nih.gov/chemidplus/rn/136894-56-9,FALSE
2020-09-21T16:53:41Z,https://chem.nlm.nih.gov/chemidplus/rn/342-69-8,FALSE
2020-09-21T16:53:48Z,https://chem.nlm.nih.gov/chemidplus/rn/9004-67-5,FALSE
2020-09-21T16:54:01Z,https://chem.nlm.nih.gov/chemidplus/rn/1421373-65-0,FALSE
2020-09-21T16:54:08Z,https://chem.nlm.nih.gov/chemidplus/rn/1421373-66-1,FALSE
2020-09-21T16:54:15Z,https://chem.nlm.nih.gov/chemidplus/rn/1421373-98-9,FALSE
2020-09-21T16:54:22Z,https://chem.nlm.nih.gov/chemidplus/rn/1421373-99-0,FALSE
2020-09-21T16:58:18Z,https://chem.nlm.nih.gov/chemidplus/rn/742092-03-1,FALSE
2020-09-21T16:58:31Z,https://chem.nlm.nih.gov/chemidplus/rn/1380575-43-8,FALSE
2020-09-21T16:59:16Z,https://chem.nlm.nih.gov/chemidplus/rn/1956366-10-1,FALSE
2020-09-21T17:00:23Z,https://chem.nlm.nih.gov/chemidplus/rn/9041-22-9,FALSE
2020-09-21T17:01:55Z,https://chem.nlm.nih.gov/chemidplus/rn/1217486-61-7,FALSE
2020-09-21T17:02:25Z,https://chem.nlm.nih.gov/chemidplus/rn/2126132-98-5,FALSE
2020-09-21T17:04:32Z,https://chem.nlm.nih.gov/chemidplus/rn/404844-02-6,FALSE
2020-09-21T17:10:03Z,https://chem.nlm.nih.gov/chemidplus/rn/1513857-77-6,FALSE
2020-09-21T17:11:15Z,https://chem.nlm.nih.gov/chemidplus/rn/115575-11-6,FALSE
2020-09-21T17:11:22Z,https://chem.nlm.nih.gov/chemidplus/rn/145858-50-0,FALSE
2020-09-21T17:11:29Z,https://chem.nlm.nih.gov/chemidplus/rn/145858-52-2,FALSE
2020-09-21T17:11:36Z,https://chem.nlm.nih.gov/chemidplus/rn/171849-18-6,FALSE
2020-09-21T17:11:43Z,https://chem.nlm.nih.gov/chemidplus/rn/172282-43-8,FALSE
2020-09-21T17:12:30Z,https://chem.nlm.nih.gov/chemidplus/rn/1446502-11-9,FALSE
2020-09-21T17:13:21Z,https://chem.nlm.nih.gov/chemidplus/rn/2060571-02-8,FALSE
2020-09-21T17:14:06Z,https://chem.nlm.nih.gov/chemidplus/rn/1256580-46-7,FALSE
2020-09-21T17:16:23Z,https://chem.nlm.nih.gov/chemidplus/rn/130167-69-0,FALSE
2020-09-21T17:18:04Z,https://chem.nlm.nih.gov/chemidplus/rn/1864871-20-4,FALSE
2020-09-21T17:18:28Z,https://chem.nlm.nih.gov/chemidplus/rn/1252927-47-1,FALSE
2020-09-21T17:18:35Z,https://chem.nlm.nih.gov/chemidplus/rn/1414375-49-7,FALSE
2020-09-21T17:22:00Z,https://chem.nlm.nih.gov/chemidplus/rn/1174014-05-1,FALSE
2020-09-21T17:25:01Z,https://chem.nlm.nih.gov/chemidplus/rn/2239273-34-6,FALSE
2020-09-21T17:27:03Z,https://chem.nlm.nih.gov/chemidplus/rn/945721-28-8,FALSE
2020-09-21T17:27:16Z,https://chem.nlm.nih.gov/chemidplus/rn/105454-04-4,FALSE
2020-09-21T17:27:28Z,https://chem.nlm.nih.gov/chemidplus/rn/133524-69-3,FALSE
2020-09-21T17:28:35Z,https://chem.nlm.nih.gov/chemidplus/rn/1446700-26-0,FALSE
2020-09-21T17:29:31Z,https://chem.nlm.nih.gov/chemidplus/rn/1220999-07-4,FALSE
2020-09-21T17:29:38Z,https://chem.nlm.nih.gov/chemidplus/rn/219989-84-1,FALSE
2020-09-21T17:29:45Z,https://chem.nlm.nih.gov/chemidplus/rn/444197-71-1,FALSE
2020-09-21T17:29:58Z,https://chem.nlm.nih.gov/chemidplus/rn/3269-74-7,FALSE
2020-09-21T17:31:32Z,https://chem.nlm.nih.gov/chemidplus/rn/1346242-81-6,FALSE
2020-09-21T18:03:22Z,https://chem.nlm.nih.gov/chemidplus/rn/888216-25-9,FALSE
2020-09-21T18:03:41Z,https://chem.nlm.nih.gov/chemidplus/rn/2101242-53-7,FALSE
2020-09-21T18:04:05Z,https://chem.nlm.nih.gov/chemidplus/rn/2145115-85-9,FALSE
2020-09-21T18:14:31Z,https://chem.nlm.nih.gov/chemidplus/rn/17763-02-9,FALSE
2020-09-21T18:14:38Z,https://chem.nlm.nih.gov/chemidplus/rn/2169946-15-8,FALSE
2020-09-21T18:15:40Z,https://chem.nlm.nih.gov/chemidplus/rn/436-32-8,FALSE
2020-09-21T18:22:43Z,https://chem.nlm.nih.gov/chemidplus/rn/2118349-31-6,FALSE
2020-09-21T18:22:56Z,https://chem.nlm.nih.gov/chemidplus/rn/194413-58-6,FALSE
2020-09-21T18:24:03Z,https://chem.nlm.nih.gov/chemidplus/rn/157716-52-4,FALSE
2020-09-21T18:24:21Z,https://chem.nlm.nih.gov/chemidplus/rn/1924207-18-0,FALSE
2020-09-21T18:26:00Z,https://chem.nlm.nih.gov/chemidplus/rn/1802359-98-3,FALSE
2020-09-21T18:28:43Z,https://chem.nlm.nih.gov/chemidplus/rn/1048002-36-3,FALSE
2020-09-21T18:28:50Z,https://chem.nlm.nih.gov/chemidplus/rn/1621144-41-9,FALSE
2020-09-21T18:28:57Z,https://chem.nlm.nih.gov/chemidplus/rn/1621144-49-7,FALSE
2020-09-21T18:29:04Z,https://chem.nlm.nih.gov/chemidplus/rn/223132-37-4,FALSE
2020-09-21T18:29:10Z,https://chem.nlm.nih.gov/chemidplus/rn/223132-38-5,FALSE
2020-09-21T18:29:44Z,https://chem.nlm.nih.gov/chemidplus/rn/119413-54-6,FALSE
2020-09-21T18:29:51Z,https://chem.nlm.nih.gov/chemidplus/rn/1228035-86-6,FALSE
2020-09-21T18:29:58Z,https://chem.nlm.nih.gov/chemidplus/rn/123948-87-8,FALSE
2020-09-21T18:30:10Z,https://chem.nlm.nih.gov/chemidplus/rn/190710-79-3,FALSE
2020-09-21T18:31:16Z,https://chem.nlm.nih.gov/chemidplus/rn/1231930-82-7,FALSE
2020-09-21T18:31:29Z,https://chem.nlm.nih.gov/chemidplus/rn/1809336-93-3,FALSE
2020-09-21T18:31:42Z,https://chem.nlm.nih.gov/chemidplus/rn/1969309-56-5,FALSE
2020-09-21T18:33:01Z,https://chem.nlm.nih.gov/chemidplus/rn/1201438-56-3,FALSE
2020-09-21T18:33:58Z,https://chem.nlm.nih.gov/chemidplus/rn/477202-00-9,FALSE
2020-09-21T18:34:33Z,https://chem.nlm.nih.gov/chemidplus/rn/1380723-44-3,FALSE
2020-09-21T18:35:29Z,https://chem.nlm.nih.gov/chemidplus/rn/100007-54-3,FALSE
2020-09-21T18:35:36Z,https://chem.nlm.nih.gov/chemidplus/rn/100007-55-4,FALSE
2020-09-21T18:35:43Z,https://chem.nlm.nih.gov/chemidplus/rn/105016-65-7,FALSE
2020-09-21T18:35:50Z,https://chem.nlm.nih.gov/chemidplus/rn/105655-99-0,FALSE
2020-09-21T18:36:52Z,https://chem.nlm.nih.gov/chemidplus/rn/1393477-72-9,FALSE
2020-09-21T18:36:59Z,https://chem.nlm.nih.gov/chemidplus/rn/1421923-86-5,FALSE
2020-09-21T18:38:12Z,https://chem.nlm.nih.gov/chemidplus/rn/1399672-02-6,FALSE
2020-09-21T18:38:57Z,https://chem.nlm.nih.gov/chemidplus/rn/1380359-84-1,FALSE
2020-09-21T18:40:45Z,https://chem.nlm.nih.gov/chemidplus/rn/2917-73-9,FALSE
2020-09-21T18:40:52Z,https://chem.nlm.nih.gov/chemidplus/rn/487-99-0,FALSE
2020-09-21T18:40:59Z,https://chem.nlm.nih.gov/chemidplus/rn/488-59-5,FALSE
2020-09-21T18:41:06Z,https://chem.nlm.nih.gov/chemidplus/rn/78-67-1,FALSE
2020-09-21T18:43:08Z,https://chem.nlm.nih.gov/chemidplus/rn/847925-91-1,FALSE
2020-09-21T18:52:05Z,https://chem.nlm.nih.gov/chemidplus/rn/946414-94-4,FALSE
2020-09-21T18:53:02Z,https://chem.nlm.nih.gov/chemidplus/rn/664334-36-5,FALSE
2020-09-21T18:54:42Z,https://chem.nlm.nih.gov/chemidplus/rn/1797030-22-8,FALSE
2020-09-21T18:54:49Z,https://chem.nlm.nih.gov/chemidplus/rn/338992-12-4,FALSE
2020-09-21T18:55:52Z,https://chem.nlm.nih.gov/chemidplus/rn/24968-67-0,FALSE
2020-09-21T18:55:59Z,https://chem.nlm.nih.gov/chemidplus/rn/31959-87-2,FALSE
2020-09-21T18:56:06Z,https://chem.nlm.nih.gov/chemidplus/rn/7059-23-6,FALSE
2020-09-21T18:56:51Z,https://chem.nlm.nih.gov/chemidplus/rn/947602-09-7,FALSE
2020-09-21T19:01:06Z,https://chem.nlm.nih.gov/chemidplus/rn/195981-08-9,FALSE
2020-09-21T19:01:13Z,https://chem.nlm.nih.gov/chemidplus/rn/195987-41-8,FALSE
2020-09-21T19:01:20Z,https://chem.nlm.nih.gov/chemidplus/rn/474010-58-7,FALSE
2020-09-21T19:03:38Z,https://chem.nlm.nih.gov/chemidplus/rn/1398569-75-9,FALSE
2020-09-21T19:04:24Z,https://chem.nlm.nih.gov/chemidplus/rn/153559-49-0,FALSE
2020-09-21T19:04:37Z,https://chem.nlm.nih.gov/chemidplus/rn/1277170-60-1,FALSE
2020-09-21T19:04:44Z,https://chem.nlm.nih.gov/chemidplus/rn/955365-80-7,FALSE
2020-09-21T19:06:08Z,https://chem.nlm.nih.gov/chemidplus/rn/1448347-49-6,FALSE
2020-09-21T19:07:37Z,https://chem.nlm.nih.gov/chemidplus/rn/113803-47-7,FALSE
2020-09-21T19:07:44Z,https://chem.nlm.nih.gov/chemidplus/rn/149137-54-2,FALSE
2020-09-21T19:07:52Z,https://chem.nlm.nih.gov/chemidplus/rn/1854-26-8,FALSE
2020-09-21T19:07:59Z,https://chem.nlm.nih.gov/chemidplus/rn/9028-06-2,FALSE
2020-09-21T19:08:05Z,https://chem.nlm.nih.gov/chemidplus/rn/9059-25-0,FALSE
2020-09-21T19:18:30Z,https://chem.nlm.nih.gov/chemidplus/rn/956104-40-8,FALSE
2020-09-21T19:20:30Z,https://chem.nlm.nih.gov/chemidplus/rn/16330-92-0,FALSE
2020-09-21T19:20:37Z,https://chem.nlm.nih.gov/chemidplus/rn/649749-10-0,FALSE
2020-09-21T19:21:48Z,https://chem.nlm.nih.gov/chemidplus/rn/1334296-12-6,FALSE
2020-09-21T19:23:11Z,https://chem.nlm.nih.gov/chemidplus/rn/1874157-95-5,FALSE
2020-09-21T19:25:35Z,https://chem.nlm.nih.gov/chemidplus/rn/2207590-51-8,FALSE
2020-09-21T19:26:21Z,https://chem.nlm.nih.gov/chemidplus/rn/95809-78-2,FALSE
2020-09-21T19:27:01Z,https://chem.nlm.nih.gov/chemidplus/rn/446022-33-9,FALSE
2020-09-21T19:28:25Z,https://chem.nlm.nih.gov/chemidplus/rn/1032390-76-3,FALSE
2020-09-21T19:28:32Z,https://chem.nlm.nih.gov/chemidplus/rn/105661-07-2,FALSE
2020-09-21T19:28:39Z,https://chem.nlm.nih.gov/chemidplus/rn/125317-39-7,FALSE
2020-09-21T19:28:46Z,https://chem.nlm.nih.gov/chemidplus/rn/71486-22-1,FALSE
2020-09-21T19:29:37Z,https://chem.nlm.nih.gov/chemidplus/rn/1496553-00-4,FALSE
2020-09-21T19:32:07Z,https://chem.nlm.nih.gov/chemidplus/rn/2614-06-4,FALSE
2020-09-21T19:32:14Z,https://chem.nlm.nih.gov/chemidplus/rn/303-31-1,FALSE
2020-09-21T19:32:21Z,https://chem.nlm.nih.gov/chemidplus/rn/50-35-1,FALSE
2020-09-21T19:32:28Z,https://chem.nlm.nih.gov/chemidplus/rn/5054-59-1,FALSE
2020-09-21T19:32:35Z,https://chem.nlm.nih.gov/chemidplus/rn/841-67-8,FALSE
2020-09-21T19:33:21Z,https://chem.nlm.nih.gov/chemidplus/rn/183319-69-9,FALSE
2020-09-21T19:33:28Z,https://chem.nlm.nih.gov/chemidplus/rn/183320-29-8,FALSE
2020-09-21T19:33:36Z,https://chem.nlm.nih.gov/chemidplus/rn/183321-74-6,FALSE
2020-09-21T19:33:43Z,https://chem.nlm.nih.gov/chemidplus/rn/183321-84-8,FALSE
2020-09-21T19:33:50Z,https://chem.nlm.nih.gov/chemidplus/rn/882172-60-3,FALSE
2020-09-21T19:34:52Z,https://chem.nlm.nih.gov/chemidplus/rn/61825-94-3,FALSE
2020-09-21T19:34:59Z,https://chem.nlm.nih.gov/chemidplus/rn/63121-00-6,FALSE
2020-09-21T19:35:06Z,https://chem.nlm.nih.gov/chemidplus/rn/66845-32-7,FALSE
2020-09-21T19:35:13Z,https://chem.nlm.nih.gov/chemidplus/rn/66900-68-3,FALSE
2020-09-21T19:35:20Z,https://chem.nlm.nih.gov/chemidplus/rn/94042-08-7,FALSE
2020-09-21T19:39:04Z,https://chem.nlm.nih.gov/chemidplus/rn/781613-23-8,FALSE
2020-09-21T19:39:40Z,https://chem.nlm.nih.gov/chemidplus/rn/1188275-92-4,FALSE
2020-09-21T19:42:52Z,https://chem.nlm.nih.gov/chemidplus/rn/1100690-10-5,FALSE
2020-09-21T19:42:59Z,https://chem.nlm.nih.gov/chemidplus/rn/930113-49-8,FALSE
2020-09-21T19:45:35Z,https://chem.nlm.nih.gov/chemidplus/rn/314771-76-1,FALSE
2020-09-21T19:45:42Z,https://chem.nlm.nih.gov/chemidplus/rn/850140-72-6,FALSE
2020-09-21T19:45:49Z,https://chem.nlm.nih.gov/chemidplus/rn/850140-73-7,FALSE
2020-09-21T19:46:24Z,https://chem.nlm.nih.gov/chemidplus/rn/1195765-47-9,FALSE
2020-09-21T19:46:31Z,https://chem.nlm.nih.gov/chemidplus/rn/1195767-77-1,FALSE
2020-09-21T19:47:11Z,https://chem.nlm.nih.gov/chemidplus/rn/58-36-6,FALSE
2020-09-21T19:47:18Z,https://chem.nlm.nih.gov/chemidplus/rn/60-33-3,FALSE
2020-09-21T19:47:53Z,https://chem.nlm.nih.gov/chemidplus/rn/946415-62-9,FALSE
2020-09-21T19:51:16Z,https://chem.nlm.nih.gov/chemidplus/rn/216503-57-0,FALSE
2020-09-21T19:52:47Z,https://chem.nlm.nih.gov/chemidplus/rn/1386861-49-9,FALSE
2020-09-21T19:53:44Z,https://chem.nlm.nih.gov/chemidplus/rn/216503-58-1,FALSE
2020-09-21T19:55:40Z,https://chem.nlm.nih.gov/chemidplus/rn/2227145-87-9,FALSE
2020-09-21T19:58:14Z,https://chem.nlm.nih.gov/chemidplus/rn/1227162-42-6,FALSE
2020-09-21T19:58:22Z,https://chem.nlm.nih.gov/chemidplus/rn/191732-72-6,FALSE
2020-09-21T19:58:25Z,https://chem.nlm.nih.gov/chemidplus/rn/202271-91-8,FALSE
2020-09-21T19:58:33Z,https://chem.nlm.nih.gov/chemidplus/rn/847871-99-2,FALSE
2020-09-21T19:58:40Z,https://chem.nlm.nih.gov/chemidplus/rn/874946-00-6,FALSE
2020-09-21T19:59:10Z,https://chem.nlm.nih.gov/chemidplus/rn/1187431-43-1,FALSE
2020-09-21T19:59:17Z,https://chem.nlm.nih.gov/chemidplus/rn/1620017-28-8,FALSE
2020-09-21T19:59:24Z,https://chem.nlm.nih.gov/chemidplus/rn/871700-17-3,FALSE
2020-09-21T19:59:31Z,https://chem.nlm.nih.gov/chemidplus/rn/871701-39-2,FALSE
2020-09-21T19:59:38Z,https://chem.nlm.nih.gov/chemidplus/rn/871701-87-0,FALSE
2020-09-21T19:59:52Z,https://chem.nlm.nih.gov/chemidplus/rn/956697-53-3,FALSE
2020-09-21T20:00:15Z,https://chem.nlm.nih.gov/chemidplus/rn/417717-04-5,FALSE
2020-09-21T20:04:26Z,https://chem.nlm.nih.gov/chemidplus/rn/179324-69-7,FALSE
2020-09-21T20:05:17Z,https://chem.nlm.nih.gov/chemidplus/rn/1071848-28-6,FALSE
2020-09-21T20:05:24Z,https://chem.nlm.nih.gov/chemidplus/rn/952021-60-2,FALSE
2020-09-21T20:06:21Z,https://chem.nlm.nih.gov/chemidplus/rn/388082-77-7,FALSE
2020-09-21T20:07:12Z,https://chem.nlm.nih.gov/chemidplus/rn/159351-69-6,FALSE
2020-09-21T20:07:36Z,https://chem.nlm.nih.gov/chemidplus/rn/682745-43-3,FALSE
2020-09-21T20:09:17Z,https://chem.nlm.nih.gov/chemidplus/rn/827022-32-2,FALSE
2020-09-21T20:09:53Z,https://chem.nlm.nih.gov/chemidplus/rn/1391916-64-5,FALSE
2020-09-21T20:10:01Z,https://chem.nlm.nih.gov/chemidplus/rn/173722-21-9,FALSE
2020-09-21T20:10:08Z,https://chem.nlm.nih.gov/chemidplus/rn/190508-48-6,FALSE
2020-09-21T20:10:15Z,https://chem.nlm.nih.gov/chemidplus/rn/190508-50-0,FALSE
2020-09-21T20:10:22Z,https://chem.nlm.nih.gov/chemidplus/rn/652-67-5,FALSE
2020-09-21T20:10:46Z,https://chem.nlm.nih.gov/chemidplus/rn/1126641-10-8,FALSE
2020-09-21T20:10:54Z,https://chem.nlm.nih.gov/chemidplus/rn/1126899-61-3,FALSE
2020-09-21T20:11:01Z,https://chem.nlm.nih.gov/chemidplus/rn/356068-97-8,FALSE
2020-09-21T20:11:46Z,https://chem.nlm.nih.gov/chemidplus/rn/42476-21-1,FALSE
2020-09-21T20:11:53Z,https://chem.nlm.nih.gov/chemidplus/rn/6035-45-6,FALSE
2020-09-21T20:12:00Z,https://chem.nlm.nih.gov/chemidplus/rn/7444-29-3,FALSE
2020-09-21T20:13:04Z,https://chem.nlm.nih.gov/chemidplus/rn/1227637-23-1,FALSE
2020-09-21T20:16:48Z,https://chem.nlm.nih.gov/chemidplus/rn/17010-70-7,FALSE
2020-09-21T20:16:55Z,https://chem.nlm.nih.gov/chemidplus/rn/24520-60-3,FALSE
2020-09-21T20:17:02Z,https://chem.nlm.nih.gov/chemidplus/rn/2566-29-2,FALSE
2020-09-21T20:17:09Z,https://chem.nlm.nih.gov/chemidplus/rn/34284-75-8,FALSE
2020-09-21T20:17:16Z,https://chem.nlm.nih.gov/chemidplus/rn/3564-15-6,FALSE
2020-09-21T20:17:41Z,https://chem.nlm.nih.gov/chemidplus/rn/1029713-99-2,FALSE
2020-09-21T20:17:48Z,https://chem.nlm.nih.gov/chemidplus/rn/1029714-88-2,FALSE
2020-09-21T20:17:55Z,https://chem.nlm.nih.gov/chemidplus/rn/1197376-85-4,FALSE
2020-09-21T20:19:03Z,https://chem.nlm.nih.gov/chemidplus/rn/75706-12-6,FALSE
2020-09-21T20:19:59Z,https://chem.nlm.nih.gov/chemidplus/rn/17692-44-3,FALSE
2020-09-21T20:21:44Z,https://chem.nlm.nih.gov/chemidplus/rn/23113-01-1,FALSE
2020-09-21T20:21:51Z,https://chem.nlm.nih.gov/chemidplus/rn/7075-11-8,FALSE
2020-09-21T20:23:16Z,https://chem.nlm.nih.gov/chemidplus/rn/2326521-71-3,FALSE
2020-09-21T20:24:02Z,https://chem.nlm.nih.gov/chemidplus/rn/175414-77-4,FALSE
2020-09-21T20:25:14Z,https://chem.nlm.nih.gov/chemidplus/rn/1102-95-0,FALSE
2020-09-21T20:25:27Z,https://chem.nlm.nih.gov/chemidplus/rn/4055-39-4,FALSE
2020-09-21T20:26:46Z,https://chem.nlm.nih.gov/chemidplus/rn/193275-84-2,FALSE
2020-09-21T20:28:04Z,https://chem.nlm.nih.gov/chemidplus/rn/1376615-55-2,FALSE
2020-09-21T20:28:11Z,https://chem.nlm.nih.gov/chemidplus/rn/1376619-94-1,FALSE
2020-09-21T20:28:18Z,https://chem.nlm.nih.gov/chemidplus/rn/915942-22-2,FALSE
2020-09-21T20:28:42Z,https://chem.nlm.nih.gov/chemidplus/rn/960055-56-5,FALSE
2020-09-21T20:33:22Z,https://chem.nlm.nih.gov/chemidplus/rn/2227102-46-5,FALSE
2020-09-21T20:36:29Z,https://chem.nlm.nih.gov/chemidplus/rn/1257044-40-8,FALSE
2020-09-21T20:36:37Z,https://chem.nlm.nih.gov/chemidplus/rn/2097938-69-5,FALSE
2020-09-21T20:38:17Z,https://chem.nlm.nih.gov/chemidplus/rn/75747-14-7,FALSE
2020-09-21T20:39:41Z,https://chem.nlm.nih.gov/chemidplus/rn/2097002-61-2,FALSE
2020-09-21T20:40:27Z,https://chem.nlm.nih.gov/chemidplus/rn/98-95-3,FALSE
2020-09-21T20:43:03Z,https://chem.nlm.nih.gov/chemidplus/rn/641571-10-0,FALSE
2020-09-21T20:45:10Z,https://chem.nlm.nih.gov/chemidplus/rn/1966971-51-6,FALSE
2020-09-21T20:46:28Z,https://chem.nlm.nih.gov/chemidplus/rn/1032349-93-1,FALSE
2020-09-21T20:48:42Z,https://chem.nlm.nih.gov/chemidplus/rn/162635-04-3,FALSE
2020-09-21T20:51:05Z,https://chem.nlm.nih.gov/chemidplus/rn/116371-67-6,FALSE
2020-09-21T20:51:12Z,https://chem.nlm.nih.gov/chemidplus/rn/95058-85-8,FALSE
2020-09-21T20:55:53Z,https://chem.nlm.nih.gov/chemidplus/rn/57248-88-1,FALSE
2020-09-21T20:56:00Z,https://chem.nlm.nih.gov/chemidplus/rn/89131-02-2,FALSE
2020-09-21T20:58:07Z,https://chem.nlm.nih.gov/chemidplus/rn/1339928-25-4,FALSE
2020-09-21T20:58:20Z,https://chem.nlm.nih.gov/chemidplus/rn/2249791-21-5,FALSE
2020-09-21T20:58:45Z,https://chem.nlm.nih.gov/chemidplus/rn/10377-58-9,FALSE
2020-09-21T20:58:52Z,https://chem.nlm.nih.gov/chemidplus/rn/13209-79-5,FALSE
2020-09-21T20:58:59Z,https://chem.nlm.nih.gov/chemidplus/rn/13361-30-3,FALSE
2020-09-21T20:59:06Z,https://chem.nlm.nih.gov/chemidplus/rn/19355-58-9,FALSE
2020-09-21T20:59:13Z,https://chem.nlm.nih.gov/chemidplus/rn/479-81-2,FALSE
2020-09-21T21:02:53Z,https://chem.nlm.nih.gov/chemidplus/rn/63612-50-0,FALSE
2020-09-21T21:06:12Z,https://chem.nlm.nih.gov/chemidplus/rn/1691249-45-2,FALSE
2020-09-21T21:07:30Z,https://chem.nlm.nih.gov/chemidplus/rn/1360433-93-7,FALSE
2020-09-21T21:07:38Z,https://chem.nlm.nih.gov/chemidplus/rn/904899-25-8,FALSE
2020-09-21T21:09:03Z,https://chem.nlm.nih.gov/chemidplus/rn/876060-65-0,FALSE
2020-09-21T21:09:10Z,https://chem.nlm.nih.gov/chemidplus/rn/876060-66-1,FALSE
2020-09-21T21:09:17Z,https://chem.nlm.nih.gov/chemidplus/rn/876060-68-3,FALSE
2020-09-21T21:09:24Z,https://chem.nlm.nih.gov/chemidplus/rn/952607-97-5,FALSE
2020-09-21T21:11:07Z,https://chem.nlm.nih.gov/chemidplus/rn/1802466-37-0,FALSE
2020-09-21T21:11:31Z,https://chem.nlm.nih.gov/chemidplus/rn/912999-49-6,FALSE
2020-09-21T21:11:45Z,https://chem.nlm.nih.gov/chemidplus/rn/2998-57-4,FALSE
2020-09-21T21:13:55Z,https://chem.nlm.nih.gov/chemidplus/rn/905703-97-1,FALSE
2020-09-21T21:17:55Z,https://chem.nlm.nih.gov/chemidplus/rn/1320211-69-5,FALSE
2020-09-21T21:18:02Z,https://chem.nlm.nih.gov/chemidplus/rn/1320211-70-8,FALSE
2020-09-21T21:18:09Z,https://chem.nlm.nih.gov/chemidplus/rn/146464-95-1,FALSE
2020-09-21T21:18:27Z,https://chem.nlm.nih.gov/chemidplus/rn/209783-80-2,FALSE
2020-09-21T21:22:02Z,https://chem.nlm.nih.gov/chemidplus/rn/204205-90-3,FALSE
2020-09-21T21:22:26Z,https://chem.nlm.nih.gov/chemidplus/rn/119-38-0,FALSE
2020-09-21T21:22:34Z,https://chem.nlm.nih.gov/chemidplus/rn/122-15-6,FALSE
2020-09-21T21:22:41Z,https://chem.nlm.nih.gov/chemidplus/rn/141-79-7,FALSE
2020-09-21T21:23:10Z,https://chem.nlm.nih.gov/chemidplus/rn/1282512-48-4,FALSE
2020-09-21T21:24:12Z,https://chem.nlm.nih.gov/chemidplus/rn/130194-90-0,FALSE
2020-09-21T21:24:20Z,https://chem.nlm.nih.gov/chemidplus/rn/91421-43-1,FALSE
2020-09-21T21:26:54Z,https://chem.nlm.nih.gov/chemidplus/rn/957054-33-0,FALSE
2020-09-21T21:29:45Z,https://chem.nlm.nih.gov/chemidplus/rn/918505-61-0,FALSE
2020-09-21T21:32:30Z,https://chem.nlm.nih.gov/chemidplus/rn/246252-04-0,FALSE
2020-09-21T21:34:41Z,https://chem.nlm.nih.gov/chemidplus/rn/154229-18-2,FALSE
2020-09-21T21:35:44Z,https://chem.nlm.nih.gov/chemidplus/rn/1401066-79-2,FALSE
2020-09-21T21:40:58Z,https://chem.nlm.nih.gov/chemidplus/rn/1263384-43-5,FALSE
2020-09-21T21:42:16Z,https://chem.nlm.nih.gov/chemidplus/rn/915296-00-3,FALSE
2020-09-21T21:42:30Z,https://chem.nlm.nih.gov/chemidplus/rn/1781244-77-6,FALSE
2020-09-21T21:43:07Z,https://chem.nlm.nih.gov/chemidplus/rn/1365888-06-7,FALSE
2020-09-21T21:46:18Z,https://chem.nlm.nih.gov/chemidplus/rn/2079108-44-2,FALSE
2020-09-21T21:46:32Z,https://chem.nlm.nih.gov/chemidplus/rn/120144-15-2,FALSE
2020-09-21T21:47:50Z,https://chem.nlm.nih.gov/chemidplus/rn/92118-27-9,FALSE
2020-09-21T21:49:52Z,https://chem.nlm.nih.gov/chemidplus/rn/2316810-00-9,FALSE
2020-09-21T21:51:19Z,https://chem.nlm.nih.gov/chemidplus/rn/127-07-1,FALSE
2020-09-21T21:51:26Z,https://chem.nlm.nih.gov/chemidplus/rn/4543-62-8,FALSE
2020-09-21T21:51:34Z,https://chem.nlm.nih.gov/chemidplus/rn/683-62-5,FALSE
2020-09-21T21:51:41Z,https://chem.nlm.nih.gov/chemidplus/rn/684-92-4,FALSE
2020-09-21T21:51:48Z,https://chem.nlm.nih.gov/chemidplus/rn/686-68-0,FALSE
2020-09-21T21:52:44Z,https://chem.nlm.nih.gov/chemidplus/rn/1443530-07-1,FALSE
2020-09-21T21:54:07Z,https://chem.nlm.nih.gov/chemidplus/rn/1202402-40-1,FALSE
2020-09-21T21:54:31Z,https://chem.nlm.nih.gov/chemidplus/rn/1224887-10-8,FALSE
2020-09-21T21:55:22Z,https://chem.nlm.nih.gov/chemidplus/rn/141256-04-4,FALSE
2020-09-21T21:55:29Z,https://chem.nlm.nih.gov/chemidplus/rn/154335-27-0,FALSE
2020-09-21T21:56:25Z,https://chem.nlm.nih.gov/chemidplus/rn/1093130-72-3,FALSE
2020-09-21T21:56:54Z,https://chem.nlm.nih.gov/chemidplus/rn/1648797-46-9,FALSE
2020-09-21T21:57:01Z,https://chem.nlm.nih.gov/chemidplus/rn/1648797-47-0,FALSE
2020-09-21T21:58:37Z,https://chem.nlm.nih.gov/chemidplus/rn/123338-23-8,FALSE
2020-09-21T21:58:44Z,https://chem.nlm.nih.gov/chemidplus/rn/130175-14-3,FALSE
2020-09-21T21:58:51Z,https://chem.nlm.nih.gov/chemidplus/rn/56926-93-3,FALSE
2020-09-21T21:58:58Z,https://chem.nlm.nih.gov/chemidplus/rn/68141-40-2,FALSE
2020-09-21T21:59:05Z,https://chem.nlm.nih.gov/chemidplus/rn/76-60-8,FALSE
2020-09-21T21:59:41Z,https://chem.nlm.nih.gov/chemidplus/rn/132160-32-8,FALSE
2020-09-21T22:00:43Z,https://chem.nlm.nih.gov/chemidplus/rn/1332391-04-4,FALSE
2020-09-21T22:00:50Z,https://chem.nlm.nih.gov/chemidplus/rn/1332391-11-3,FALSE
2020-09-21T22:02:20Z,https://chem.nlm.nih.gov/chemidplus/rn/1343498-72-5,FALSE
2020-09-21T22:02:27Z,https://chem.nlm.nih.gov/chemidplus/rn/835621-12-0,FALSE
2020-09-21T22:03:03Z,https://chem.nlm.nih.gov/chemidplus/rn/870281-82-6,FALSE
2020-09-21T22:04:28Z,https://chem.nlm.nih.gov/chemidplus/rn/59789-29-6,FALSE
2020-09-21T22:09:08Z,https://chem.nlm.nih.gov/chemidplus/rn/1146702-54-6,FALSE
2020-09-21T22:09:21Z,https://chem.nlm.nih.gov/chemidplus/rn/1394849-26-3,FALSE
2020-09-21T22:09:28Z,https://chem.nlm.nih.gov/chemidplus/rn/2145096-91-7,FALSE
2020-09-21T22:09:35Z,https://chem.nlm.nih.gov/chemidplus/rn/321963-33-1,FALSE
2020-09-21T22:14:09Z,https://chem.nlm.nih.gov/chemidplus/rn/162520-00-5,FALSE
2020-09-21T22:16:28Z,https://chem.nlm.nih.gov/chemidplus/rn/1386874-06-1,FALSE
2020-09-21T22:16:41Z,https://chem.nlm.nih.gov/chemidplus/rn/1186210-24-1,FALSE
2020-09-21T22:18:43Z,https://chem.nlm.nih.gov/chemidplus/rn/1058137-23-7,FALSE
2020-09-21T22:27:37Z,https://chem.nlm.nih.gov/chemidplus/rn/1616632-77-9,FALSE
2020-09-21T22:28:00Z,https://chem.nlm.nih.gov/chemidplus/rn/1923833-60-6,FALSE
2020-09-21T22:28:24Z,https://chem.nlm.nih.gov/chemidplus/rn/926927-61-9,FALSE
2020-09-21T22:31:34Z,https://chem.nlm.nih.gov/chemidplus/rn/805-63-0,FALSE
2020-09-21T22:31:41Z,https://chem.nlm.nih.gov/chemidplus/rn/892-49-9,FALSE
2020-09-21T22:32:54Z,https://chem.nlm.nih.gov/chemidplus/rn/1108743-80-1,FALSE
2020-09-21T22:33:29Z,https://chem.nlm.nih.gov/chemidplus/rn/52-24-4,FALSE
2020-09-21T22:33:36Z,https://chem.nlm.nih.gov/chemidplus/rn/76-96-0,FALSE
2020-09-21T22:33:44Z,https://chem.nlm.nih.gov/chemidplus/rn/90877-51-3,FALSE
2020-09-21T22:34:08Z,https://chem.nlm.nih.gov/chemidplus/rn/1228013-15-7,FALSE
2020-09-21T22:35:03Z,https://chem.nlm.nih.gov/chemidplus/rn/154361-50-9,FALSE
2020-09-21T22:35:10Z,https://chem.nlm.nih.gov/chemidplus/rn/66335-38-4,FALSE
2020-09-21T22:35:17Z,https://chem.nlm.nih.gov/chemidplus/rn/921769-65-5,FALSE
2020-09-21T22:38:24Z,https://chem.nlm.nih.gov/chemidplus/rn/33069-62-4,FALSE
2020-09-21T22:40:29Z,https://chem.nlm.nih.gov/chemidplus/rn/896723-44-7,FALSE
2020-09-21T22:40:59Z,https://chem.nlm.nih.gov/chemidplus/rn/949142-50-1,FALSE
2020-09-21T22:41:23Z,https://chem.nlm.nih.gov/chemidplus/rn/1435779-45-5,FALSE
2020-09-21T22:43:08Z,https://chem.nlm.nih.gov/chemidplus/rn/1420767-25-4,FALSE
2020-09-21T22:43:15Z,https://chem.nlm.nih.gov/chemidplus/rn/1426815-65-7,FALSE
2020-09-21T22:43:22Z,https://chem.nlm.nih.gov/chemidplus/rn/160084-81-1,FALSE
2020-09-21T22:43:35Z,https://chem.nlm.nih.gov/chemidplus/rn/1610537-15-9,FALSE
2020-09-21T22:44:55Z,https://chem.nlm.nih.gov/chemidplus/rn/2148354-90-7,FALSE
2020-09-21T22:46:08Z,https://chem.nlm.nih.gov/chemidplus/rn/918633-87-1,FALSE
2020-09-21T22:53:22Z,https://chem.nlm.nih.gov/chemidplus/rn/1509916-03-3,FALSE
2020-09-21T22:54:57Z,https://chem.nlm.nih.gov/chemidplus/rn/640735-09-7,FALSE
2020-09-21T22:57:10Z,https://chem.nlm.nih.gov/chemidplus/rn/212142-18-2,FALSE
2020-09-21T22:59:46Z,https://chem.nlm.nih.gov/chemidplus/rn/1454846-35-5,FALSE
2020-09-21T23:01:16Z,https://chem.nlm.nih.gov/chemidplus/rn/16053-72-8,FALSE
2020-09-21T23:09:11Z,https://chem.nlm.nih.gov/chemidplus/rn/10540-29-1,FALSE
2020-09-21T23:09:18Z,https://chem.nlm.nih.gov/chemidplus/rn/13002-65-8,FALSE
2020-09-21T23:09:26Z,https://chem.nlm.nih.gov/chemidplus/rn/15917-44-9,FALSE
2020-09-21T23:09:33Z,https://chem.nlm.nih.gov/chemidplus/rn/15917-50-7,FALSE
2020-09-21T23:09:41Z,https://chem.nlm.nih.gov/chemidplus/rn/19957-51-8,FALSE
2020-09-21T23:09:54Z,https://chem.nlm.nih.gov/chemidplus/rn/602306-29-6,FALSE
2020-09-21T23:10:30Z,https://chem.nlm.nih.gov/chemidplus/rn/1869912-39-9,FALSE
2020-09-21T23:11:28Z,https://chem.nlm.nih.gov/chemidplus/rn/1448169-71-8,FALSE
2020-09-21T23:12:03Z,https://chem.nlm.nih.gov/chemidplus/rn/192391-48-3,FALSE
2020-09-21T23:12:39Z,https://chem.nlm.nih.gov/chemidplus/rn/652153-01-0,FALSE
2020-09-21T23:13:17Z,https://chem.nlm.nih.gov/chemidplus/rn/1382979-44-3,FALSE
2020-09-21T23:13:52Z,https://chem.nlm.nih.gov/chemidplus/rn/1228923-42-9,FALSE
2020-09-21T23:14:00Z,https://chem.nlm.nih.gov/chemidplus/rn/1228923-43-0,FALSE
2020-09-21T23:14:13Z,https://chem.nlm.nih.gov/chemidplus/rn/902135-89-1,FALSE
2020-09-21T23:14:49Z,https://chem.nlm.nih.gov/chemidplus/rn/1610964-64-1,FALSE
2020-09-21T23:15:11Z,https://chem.nlm.nih.gov/chemidplus/rn/1414375-50-0,FALSE
2020-09-21T23:15:24Z,https://chem.nlm.nih.gov/chemidplus/rn/1643852-84-9,FALSE
2020-09-21T23:16:55Z,https://chem.nlm.nih.gov/chemidplus/rn/122732-06-3,FALSE
2020-09-21T23:17:02Z,https://chem.nlm.nih.gov/chemidplus/rn/521064-34-6,FALSE
2020-09-21T23:17:45Z,https://chem.nlm.nih.gov/chemidplus/rn/103816-16-6,FALSE
2020-09-21T23:17:59Z,https://chem.nlm.nih.gov/chemidplus/rn/154-93-8,FALSE
2020-09-21T23:18:12Z,https://chem.nlm.nih.gov/chemidplus/rn/1285403-71-5,FALSE
2020-09-21T23:18:20Z,https://chem.nlm.nih.gov/chemidplus/rn/1360431-91-9,FALSE
2020-09-21T23:18:27Z,https://chem.nlm.nih.gov/chemidplus/rn/649735-46-6,FALSE
2020-09-21T23:18:35Z,https://chem.nlm.nih.gov/chemidplus/rn/649735-63-7,FALSE
2020-09-21T23:19:06Z,https://chem.nlm.nih.gov/chemidplus/rn/870603-16-0,FALSE
2020-09-21T23:19:19Z,https://chem.nlm.nih.gov/chemidplus/rn/1159266-37-1,FALSE
2020-09-21T23:20:37Z,https://chem.nlm.nih.gov/chemidplus/rn/1365287-97-3,FALSE
2020-09-21T23:21:18Z,https://chem.nlm.nih.gov/chemidplus/rn/722543-31-9,FALSE
2020-09-21T23:21:32Z,https://chem.nlm.nih.gov/chemidplus/rn/339177-26-3,FALSE
2020-09-21T23:21:45Z,https://chem.nlm.nih.gov/chemidplus/rn/145781-92-6,FALSE
2020-09-21T23:22:27Z,https://chem.nlm.nih.gov/chemidplus/rn/129580-63-8,FALSE
2020-09-21T23:22:46Z,https://chem.nlm.nih.gov/chemidplus/rn/1262034-38-7,FALSE
2020-09-21T23:24:02Z,https://chem.nlm.nih.gov/chemidplus/rn/142662-43-9,FALSE
2020-09-21T23:24:10Z,https://chem.nlm.nih.gov/chemidplus/rn/308067-66-5,FALSE
2020-09-21T23:24:24Z,https://chem.nlm.nih.gov/chemidplus/rn/1024603-93-7,FALSE
2020-09-21T23:24:49Z,https://chem.nlm.nih.gov/chemidplus/rn/1867-40-9,FALSE
2020-09-21T23:24:57Z,https://chem.nlm.nih.gov/chemidplus/rn/1867-41-0,FALSE
2020-09-21T23:25:04Z,https://chem.nlm.nih.gov/chemidplus/rn/2242-65-1,FALSE
2020-09-21T23:25:12Z,https://chem.nlm.nih.gov/chemidplus/rn/595-33-5,FALSE
2020-09-21T23:25:19Z,https://chem.nlm.nih.gov/chemidplus/rn/982-89-8,FALSE
2020-09-21T23:25:44Z,https://chem.nlm.nih.gov/chemidplus/rn/102580-65-4,FALSE
2020-09-21T23:25:58Z,https://chem.nlm.nih.gov/chemidplus/rn/1631072-93-9,FALSE
2020-09-21T23:26:12Z,https://chem.nlm.nih.gov/chemidplus/rn/174402-32-5,FALSE
2020-09-21T23:26:37Z,https://chem.nlm.nih.gov/chemidplus/rn/1453868-32-0,FALSE
2020-09-21T23:26:44Z,https://chem.nlm.nih.gov/chemidplus/rn/934353-76-1,FALSE
2020-09-21T23:26:59Z,https://chem.nlm.nih.gov/chemidplus/rn/333754-36-2,FALSE
2020-09-21T23:27:12Z,https://chem.nlm.nih.gov/chemidplus/rn/140461-66-1,FALSE
2020-09-21T23:27:19Z,https://chem.nlm.nih.gov/chemidplus/rn/184972-09-6,FALSE
2020-09-21T23:27:44Z,https://chem.nlm.nih.gov/chemidplus/rn/182133-27-3,FALSE
2020-09-21T23:29:16Z,https://chem.nlm.nih.gov/chemidplus/rn/66112-59-2,FALSE
2020-09-21T23:29:46Z,https://chem.nlm.nih.gov/chemidplus/rn/1715924-11-0,FALSE
2020-09-21T23:29:53Z,https://chem.nlm.nih.gov/chemidplus/rn/2089398-68-3,FALSE
2020-09-21T23:30:01Z,https://chem.nlm.nih.gov/chemidplus/rn/2128729-41-7,FALSE
2020-09-21T23:30:56Z,https://chem.nlm.nih.gov/chemidplus/rn/937263-43-9,FALSE
2020-09-21T23:31:10Z,https://chem.nlm.nih.gov/chemidplus/rn/40505-45-1,FALSE
2020-09-21T23:31:24Z,https://chem.nlm.nih.gov/chemidplus/rn/877399-53-6,FALSE
2020-09-21T23:31:51Z,https://chem.nlm.nih.gov/chemidplus/rn/401907-26-4,FALSE
2020-09-21T23:32:04Z,https://chem.nlm.nih.gov/chemidplus/rn/124917-28-8,FALSE
2020-09-21T23:32:12Z,https://chem.nlm.nih.gov/chemidplus/rn/60660-75-5,FALSE
2020-09-21T23:32:20Z,https://chem.nlm.nih.gov/chemidplus/rn/86189-66-4,FALSE
2020-09-21T23:32:34Z,https://chem.nlm.nih.gov/chemidplus/rn/1473430-36-2,FALSE
2020-09-21T23:33:06Z,https://chem.nlm.nih.gov/chemidplus/rn/1632051-40-1,FALSE
2020-09-21T23:34:18Z,https://chem.nlm.nih.gov/chemidplus/rn/2100830-77-9,FALSE
2020-09-21T23:34:31Z,https://chem.nlm.nih.gov/chemidplus/rn/188181-42-2,FALSE
2020-09-21T23:34:50Z,https://chem.nlm.nih.gov/chemidplus/rn/2296729-00-3,FALSE
2020-09-21T23:35:37Z,https://chem.nlm.nih.gov/chemidplus/rn/183499-57-2,FALSE
2020-09-21T23:35:44Z,https://chem.nlm.nih.gov/chemidplus/rn/253863-00-2,FALSE
2020-09-21T23:36:38Z,https://chem.nlm.nih.gov/chemidplus/rn/123318-82-1,FALSE
2020-09-21T23:36:51Z,https://chem.nlm.nih.gov/chemidplus/rn/64-31-3,FALSE
2020-09-21T23:37:16Z,https://chem.nlm.nih.gov/chemidplus/rn/154039-60-8,FALSE
2020-09-21T23:37:47Z,https://chem.nlm.nih.gov/chemidplus/rn/145-63-1,FALSE
2020-09-21T23:38:16Z,https://chem.nlm.nih.gov/chemidplus/rn/865536-65-8,FALSE
2020-09-21T23:38:30Z,https://chem.nlm.nih.gov/chemidplus/rn/1269440-17-6,FALSE
2020-09-21T23:39:03Z,https://chem.nlm.nih.gov/chemidplus/rn/1587640-96-7,FALSE
2020-09-21T23:39:38Z,https://chem.nlm.nih.gov/chemidplus/rn/11031-15-5,FALSE
2020-09-21T23:39:46Z,https://chem.nlm.nih.gov/chemidplus/rn/9060-10-0,FALSE
2020-09-21T23:39:53Z,https://chem.nlm.nih.gov/chemidplus/rn/9060-11-1,FALSE
2020-09-21T23:40:12Z,https://chem.nlm.nih.gov/chemidplus/rn/145-95-9,FALSE
2020-09-21T23:40:19Z,https://chem.nlm.nih.gov/chemidplus/rn/50-66-8,FALSE
2020-09-21T23:40:32Z,https://chem.nlm.nih.gov/chemidplus/rn/85-31-4,FALSE
2020-09-21T23:41:23Z,https://chem.nlm.nih.gov/chemidplus/rn/1225283-42-0,FALSE
2020-09-21T23:43:18Z,https://chem.nlm.nih.gov/chemidplus/rn/1219951-09-3,FALSE
2020-09-21T23:43:31Z,https://chem.nlm.nih.gov/chemidplus/rn/96328-17-5,FALSE
2020-09-21T23:44:09Z,https://chem.nlm.nih.gov/chemidplus/rn/63364-01-2,FALSE
2020-09-21T23:44:33Z,https://chem.nlm.nih.gov/chemidplus/rn/7207-70-7,FALSE
2020-09-21T23:51:16Z,https://chem.nlm.nih.gov/chemidplus/rn/745013-59-6,FALSE
2020-09-21T23:51:29Z,https://chem.nlm.nih.gov/chemidplus/rn/29767-20-2,FALSE
2020-09-21T23:52:27Z,https://chem.nlm.nih.gov/chemidplus/rn/1093276-09-5,FALSE
2020-09-21T23:52:34Z,https://chem.nlm.nih.gov/chemidplus/rn/573738-99-5,FALSE
2020-09-21T23:53:03Z,https://chem.nlm.nih.gov/chemidplus/rn/1607828-84-1,FALSE
2020-09-21T23:53:16Z,https://chem.nlm.nih.gov/chemidplus/rn/114899-77-3,FALSE
2020-09-21T23:53:50Z,https://chem.nlm.nih.gov/chemidplus/rn/1537032-82-8,FALSE
2020-09-21T23:55:40Z,https://chem.nlm.nih.gov/chemidplus/rn/5300-03-8,FALSE
2020-09-21T23:56:30Z,https://chem.nlm.nih.gov/chemidplus/rn/1607823-18-6,FALSE
2020-09-21T23:56:43Z,https://chem.nlm.nih.gov/chemidplus/rn/1396257-94-5,FALSE
2020-09-21T23:56:56Z,https://chem.nlm.nih.gov/chemidplus/rn/42436-20-4,FALSE
2020-09-21T23:57:03Z,https://chem.nlm.nih.gov/chemidplus/rn/5638-55-1,FALSE
2020-09-21T23:58:15Z,https://chem.nlm.nih.gov/chemidplus/rn/2143061-82-7,FALSE
2020-09-21T23:58:33Z,https://chem.nlm.nih.gov/chemidplus/rn/302962-49-8,FALSE
2020-09-21T23:58:45Z,https://chem.nlm.nih.gov/chemidplus/rn/910297-51-7,FALSE
2020-09-21T23:58:58Z,https://chem.nlm.nih.gov/chemidplus/rn/910297-53-9,FALSE
2020-09-21T23:59:42Z,https://chem.nlm.nih.gov/chemidplus/rn/1309371-43-4,FALSE
2020-09-22T00:00:11Z,https://chem.nlm.nih.gov/chemidplus/rn/2039148-04-2,FALSE
2020-09-22T00:02:15Z,https://chem.nlm.nih.gov/chemidplus/rn/18172-50-4,FALSE
2020-09-22T00:02:22Z,https://chem.nlm.nih.gov/chemidplus/rn/58105-72-9,FALSE
2020-09-22T00:02:29Z,https://chem.nlm.nih.gov/chemidplus/rn/82556-07-8,FALSE
2020-09-22T00:02:42Z,https://chem.nlm.nih.gov/chemidplus/rn/333999-27-2,FALSE
2020-09-22T00:04:37Z,https://chem.nlm.nih.gov/chemidplus/rn/21794-55-8,FALSE
2020-09-22T00:04:44Z,https://chem.nlm.nih.gov/chemidplus/rn/23828-86-6,FALSE
2020-09-22T00:04:57Z,https://chem.nlm.nih.gov/chemidplus/rn/24385-10-2,FALSE
2020-09-22T00:05:03Z,https://chem.nlm.nih.gov/chemidplus/rn/26295-56-7,FALSE
2020-09-22T00:05:10Z,https://chem.nlm.nih.gov/chemidplus/rn/30489-04-4,FALSE
2020-09-22T00:05:34Z,https://chem.nlm.nih.gov/chemidplus/rn/1009298-09-2,FALSE
2020-09-22T00:05:58Z,https://chem.nlm.nih.gov/chemidplus/rn/958646-17-8,FALSE
2020-09-22T00:06:21Z,https://chem.nlm.nih.gov/chemidplus/rn/174264-50-7,FALSE
2020-09-22T00:06:28Z,https://chem.nlm.nih.gov/chemidplus/rn/182507-20-6,FALSE
2020-09-22T00:06:36Z,https://chem.nlm.nih.gov/chemidplus/rn/182507-22-8,FALSE
2020-09-22T00:07:06Z,https://chem.nlm.nih.gov/chemidplus/rn/1415642-51-1,FALSE
2020-09-22T00:07:45Z,https://chem.nlm.nih.gov/chemidplus/rn/519055-62-0,FALSE
2020-09-22T00:07:59Z,https://chem.nlm.nih.gov/chemidplus/rn/161172-51-6,FALSE
2020-09-22T00:08:12Z,https://chem.nlm.nih.gov/chemidplus/rn/509077-99-0,FALSE
2020-09-22T00:08:25Z,https://chem.nlm.nih.gov/chemidplus/rn/1380087-89-7,FALSE
2020-09-22T00:08:32Z,https://chem.nlm.nih.gov/chemidplus/rn/1845726-14-8,FALSE
2020-09-22T00:08:50Z,https://chem.nlm.nih.gov/chemidplus/rn/390800-88-1,FALSE
2020-09-22T00:08:57Z,https://chem.nlm.nih.gov/chemidplus/rn/444576-08-3,FALSE
2020-09-22T00:10:37Z,https://chem.nlm.nih.gov/chemidplus/rn/134633-29-7,FALSE
2020-09-22T00:11:06Z,https://chem.nlm.nih.gov/chemidplus/rn/1448-87-9,FALSE
2020-09-22T00:11:18Z,https://chem.nlm.nih.gov/chemidplus/rn/2213-63-0,FALSE
2020-09-22T00:11:25Z,https://chem.nlm.nih.gov/chemidplus/rn/2958-87-4,FALSE
2020-09-22T00:11:38Z,https://chem.nlm.nih.gov/chemidplus/rn/19171-19-8,FALSE
2020-09-22T00:11:45Z,https://chem.nlm.nih.gov/chemidplus/rn/202271-89-4,FALSE
2020-09-22T00:11:51Z,https://chem.nlm.nih.gov/chemidplus/rn/202271-90-7,FALSE
2020-09-22T00:11:58Z,https://chem.nlm.nih.gov/chemidplus/rn/460741-57-5,FALSE
2020-09-22T00:12:05Z,https://chem.nlm.nih.gov/chemidplus/rn/918314-45-1,FALSE
2020-09-22T00:12:30Z,https://chem.nlm.nih.gov/chemidplus/rn/1905409-39-3,FALSE
2020-09-22T00:12:43Z,https://chem.nlm.nih.gov/chemidplus/rn/259188-38-0,FALSE
2020-09-22T00:13:06Z,https://chem.nlm.nih.gov/chemidplus/rn/24150-24-1,FALSE
2020-09-22T00:13:46Z,https://chem.nlm.nih.gov/chemidplus/rn/113299-38-0,FALSE
2020-09-22T00:13:53Z,https://chem.nlm.nih.gov/chemidplus/rn/654-70-6,FALSE
2020-09-22T00:14:00Z,https://chem.nlm.nih.gov/chemidplus/rn/90356-78-8,FALSE
2020-09-22T00:14:07Z,https://chem.nlm.nih.gov/chemidplus/rn/90357-05-4,FALSE
2020-09-22T00:14:14Z,https://chem.nlm.nih.gov/chemidplus/rn/90357-06-5,FALSE
2020-09-22T00:14:48Z,https://chem.nlm.nih.gov/chemidplus/rn/1001917-37-8,FALSE
2020-09-22T00:15:57Z,https://chem.nlm.nih.gov/chemidplus/rn/2249882-54-8,FALSE
2020-09-22T00:16:10Z,https://chem.nlm.nih.gov/chemidplus/rn/129298-91-5,FALSE
2020-09-22T00:16:34Z,https://chem.nlm.nih.gov/chemidplus/rn/325726-21-4,FALSE
2020-09-22T00:16:40Z,https://chem.nlm.nih.gov/chemidplus/rn/4891-15-0,FALSE
2020-09-22T00:16:53Z,https://chem.nlm.nih.gov/chemidplus/rn/3012-76-8,FALSE
2020-09-22T00:17:00Z,https://chem.nlm.nih.gov/chemidplus/rn/38030-57-8,FALSE
2020-09-22T00:17:24Z,https://chem.nlm.nih.gov/chemidplus/rn/14769-73-4,FALSE
2020-09-22T00:17:31Z,https://chem.nlm.nih.gov/chemidplus/rn/16595-80-5,FALSE
2020-09-22T00:17:38Z,https://chem.nlm.nih.gov/chemidplus/rn/32093-35-9,FALSE
2020-09-22T00:17:45Z,https://chem.nlm.nih.gov/chemidplus/rn/4335-28-8,FALSE
2020-09-22T00:17:51Z,https://chem.nlm.nih.gov/chemidplus/rn/6646-46-4,FALSE
2020-09-22T00:18:20Z,https://chem.nlm.nih.gov/chemidplus/rn/2101273-62-3,FALSE
2020-09-22T00:18:49Z,https://chem.nlm.nih.gov/chemidplus/rn/2245092-03-7,FALSE
2020-09-22T00:19:30Z,https://chem.nlm.nih.gov/chemidplus/rn/1801342-60-8,FALSE
2020-09-22T00:19:48Z,https://chem.nlm.nih.gov/chemidplus/rn/1338695-89-8,FALSE
2020-09-22T00:20:01Z,https://chem.nlm.nih.gov/chemidplus/rn/307-43-7,FALSE
2020-09-22T00:20:36Z,https://chem.nlm.nih.gov/chemidplus/rn/107811-61-0,FALSE
2020-09-22T00:20:42Z,https://chem.nlm.nih.gov/chemidplus/rn/21679-14-1,FALSE
2020-09-22T00:20:49Z,https://chem.nlm.nih.gov/chemidplus/rn/548774-53-4,FALSE
2020-09-22T00:20:56Z,https://chem.nlm.nih.gov/chemidplus/rn/62314-92-5,FALSE
2020-09-22T00:21:03Z,https://chem.nlm.nih.gov/chemidplus/rn/75607-67-9,FALSE
2020-09-22T00:21:34Z,https://chem.nlm.nih.gov/chemidplus/rn/745779-75-3,FALSE
2020-09-22T00:21:59Z,https://chem.nlm.nih.gov/chemidplus/rn/99009-20-8,FALSE
2020-09-22T00:22:06Z,https://chem.nlm.nih.gov/chemidplus/rn/99009-21-9,FALSE
2020-09-22T00:22:51Z,https://chem.nlm.nih.gov/chemidplus/rn/1461640-62-9,FALSE
2020-09-22T00:23:04Z,https://chem.nlm.nih.gov/chemidplus/rn/106021-96-9,FALSE
2020-09-22T00:23:11Z,https://chem.nlm.nih.gov/chemidplus/rn/121797-27-1,FALSE
2020-09-22T00:23:18Z,https://chem.nlm.nih.gov/chemidplus/rn/130068-27-8,FALSE
2020-09-22T00:23:25Z,https://chem.nlm.nih.gov/chemidplus/rn/96282-35-8,FALSE
2020-09-22T00:23:31Z,https://chem.nlm.nih.gov/chemidplus/rn/97599-22-9,FALSE
2020-09-22T00:25:19Z,https://chem.nlm.nih.gov/chemidplus/rn/171039-00-2,FALSE
2020-09-22T00:25:26Z,https://chem.nlm.nih.gov/chemidplus/rn/182482-78-6,FALSE
2020-09-22T00:26:53Z,https://chem.nlm.nih.gov/chemidplus/rn/13909-02-9,FALSE
2020-09-22T00:27:00Z,https://chem.nlm.nih.gov/chemidplus/rn/55102-43-7,FALSE
2020-09-22T00:27:07Z,https://chem.nlm.nih.gov/chemidplus/rn/58845-59-3,FALSE
2020-09-22T00:27:14Z,https://chem.nlm.nih.gov/chemidplus/rn/81965-31-3,FALSE
2020-09-22T00:28:05Z,https://chem.nlm.nih.gov/chemidplus/rn/879085-55-9,FALSE
2020-09-22T00:28:29Z,https://chem.nlm.nih.gov/chemidplus/rn/1393344-72-3,FALSE
2020-09-22T00:28:41Z,https://chem.nlm.nih.gov/chemidplus/rn/151262-93-0,FALSE
2020-09-22T00:28:48Z,https://chem.nlm.nih.gov/chemidplus/rn/52806-53-8,FALSE
2020-09-22T00:29:35Z,https://chem.nlm.nih.gov/chemidplus/rn/153381-68-1,FALSE
2020-09-22T00:29:42Z,https://chem.nlm.nih.gov/chemidplus/rn/157067-33-9,FALSE
2020-09-22T00:30:22Z,https://chem.nlm.nih.gov/chemidplus/rn/747412-64-2,FALSE
2020-09-22T00:30:34Z,https://chem.nlm.nih.gov/chemidplus/rn/32446-66-5,FALSE
2020-09-22T00:30:52Z,https://chem.nlm.nih.gov/chemidplus/rn/15866-90-7,FALSE
2020-09-22T00:31:56Z,https://chem.nlm.nih.gov/chemidplus/rn/2169919-22-4,FALSE
2020-09-22T00:33:27Z,https://chem.nlm.nih.gov/chemidplus/rn/126532-33-0,FALSE
2020-09-22T00:33:34Z,https://chem.nlm.nih.gov/chemidplus/rn/71748-58-8,FALSE
2020-09-22T00:33:41Z,https://chem.nlm.nih.gov/chemidplus/rn/75281-25-3,FALSE
2020-09-22T00:33:54Z,https://chem.nlm.nih.gov/chemidplus/rn/1165741-01-4,FALSE
2020-09-22T00:34:18Z,https://chem.nlm.nih.gov/chemidplus/rn/184475-55-6,FALSE
2020-09-22T00:34:25Z,https://chem.nlm.nih.gov/chemidplus/rn/184475-71-6,FALSE
2020-09-22T00:34:32Z,https://chem.nlm.nih.gov/chemidplus/rn/847949-49-9,FALSE
2020-09-22T00:34:39Z,https://chem.nlm.nih.gov/chemidplus/rn/847949-50-2,FALSE
2020-09-22T00:34:52Z,https://chem.nlm.nih.gov/chemidplus/rn/18969-59-0,FALSE
2020-09-22T00:34:59Z,https://chem.nlm.nih.gov/chemidplus/rn/20566-17-0,FALSE
2020-09-22T00:35:06Z,https://chem.nlm.nih.gov/chemidplus/rn/2235-59-8,FALSE
2020-09-22T00:35:13Z,https://chem.nlm.nih.gov/chemidplus/rn/366-70-1,FALSE
2020-09-22T00:35:20Z,https://chem.nlm.nih.gov/chemidplus/rn/671-16-9,FALSE
2020-09-22T00:36:12Z,https://chem.nlm.nih.gov/chemidplus/rn/183552-38-7,FALSE
2020-09-22T00:37:31Z,https://chem.nlm.nih.gov/chemidplus/rn/1032568-63-0,FALSE
2020-09-22T00:37:38Z,https://chem.nlm.nih.gov/chemidplus/rn/1402152-13-9,FALSE
2020-09-22T00:37:45Z,https://chem.nlm.nih.gov/chemidplus/rn/1402152-46-8,FALSE
2020-09-22T00:37:52Z,https://chem.nlm.nih.gov/chemidplus/rn/2132943-81-6,FALSE
2020-09-22T00:37:58Z,https://chem.nlm.nih.gov/chemidplus/rn/2132943-82-7,FALSE
2020-09-22T00:38:34Z,https://chem.nlm.nih.gov/chemidplus/rn/357613-77-5,FALSE
2020-09-22T00:39:03Z,https://chem.nlm.nih.gov/chemidplus/rn/1204975-42-7,FALSE
2020-09-22T00:40:30Z,https://chem.nlm.nih.gov/chemidplus/rn/1188277-05-5,FALSE
2020-09-22T00:40:54Z,https://chem.nlm.nih.gov/chemidplus/rn/1691221-67-6,FALSE
2020-09-22T00:41:01Z,https://chem.nlm.nih.gov/chemidplus/rn/916151-99-0,FALSE
2020-09-22T00:41:15Z,https://chem.nlm.nih.gov/chemidplus/rn/149606-27-9,FALSE
2020-09-22T00:41:38Z,https://chem.nlm.nih.gov/chemidplus/rn/1297538-32-9,FALSE
2020-09-22T00:41:51Z,https://chem.nlm.nih.gov/chemidplus/rn/1309384-87-9,FALSE
2020-09-22T00:43:04Z,https://chem.nlm.nih.gov/chemidplus/rn/13674-19-6,FALSE
2020-09-22T00:43:11Z,https://chem.nlm.nih.gov/chemidplus/rn/15111-96-3,FALSE
2020-09-22T00:43:18Z,https://chem.nlm.nih.gov/chemidplus/rn/18457-55-1,FALSE
2020-09-22T00:43:31Z,https://chem.nlm.nih.gov/chemidplus/rn/536-59-4,FALSE
2020-09-22T00:44:53Z,https://chem.nlm.nih.gov/chemidplus/rn/1140909-48-3,FALSE
2020-09-22T00:45:00Z,https://chem.nlm.nih.gov/chemidplus/rn/1584696-82-1,FALSE
2020-09-22T00:45:07Z,https://chem.nlm.nih.gov/chemidplus/rn/1621681-63-7,FALSE
2020-09-22T00:45:15Z,https://chem.nlm.nih.gov/chemidplus/rn/849217-68-1,FALSE
2020-09-22T00:45:22Z,https://chem.nlm.nih.gov/chemidplus/rn/849217-77-2,FALSE
2020-09-22T00:45:35Z,https://chem.nlm.nih.gov/chemidplus/rn/151823-14-2,FALSE
2020-09-22T00:45:48Z,https://chem.nlm.nih.gov/chemidplus/rn/1374744-69-0,FALSE
2020-09-22T00:46:46Z,https://chem.nlm.nih.gov/chemidplus/rn/1347304-18-0,FALSE
2020-09-22T00:46:53Z,https://chem.nlm.nih.gov/chemidplus/rn/1348044-24-5,FALSE
2020-09-22T00:47:00Z,https://chem.nlm.nih.gov/chemidplus/rn/1348536-59-3,FALSE
2020-09-22T00:47:07Z,https://chem.nlm.nih.gov/chemidplus/rn/1349772-83-3,FALSE
2020-09-22T00:47:14Z,https://chem.nlm.nih.gov/chemidplus/rn/319460-85-0,FALSE
2020-09-22T00:47:27Z,https://chem.nlm.nih.gov/chemidplus/rn/2206792-50-7,FALSE
2020-09-22T00:48:37Z,https://chem.nlm.nih.gov/chemidplus/rn/2259860-24-5,FALSE
2020-09-22T00:49:02Z,https://chem.nlm.nih.gov/chemidplus/rn/1428935-60-7,FALSE
2020-09-22T00:49:31Z,https://chem.nlm.nih.gov/chemidplus/rn/289656-45-7,FALSE
2020-09-22T00:49:45Z,https://chem.nlm.nih.gov/chemidplus/rn/195533-98-3,FALSE
2020-09-22T00:49:58Z,https://chem.nlm.nih.gov/chemidplus/rn/2137049-37-5,FALSE
2020-09-22T00:50:45Z,https://chem.nlm.nih.gov/chemidplus/rn/1823078-37-0,FALSE
2020-09-22T00:51:31Z,https://chem.nlm.nih.gov/chemidplus/rn/2231068-83-8,FALSE
2020-09-22T00:51:50Z,https://chem.nlm.nih.gov/chemidplus/rn/958255-29-3,FALSE
2020-09-22T00:52:03Z,https://chem.nlm.nih.gov/chemidplus/rn/1197958-75-0,FALSE
2020-09-22T00:52:58Z,https://chem.nlm.nih.gov/chemidplus/rn/1005389-60-5,FALSE
2020-09-22T00:53:11Z,https://chem.nlm.nih.gov/chemidplus/rn/70711-41-0,FALSE
2020-09-22T00:53:19Z,https://chem.nlm.nih.gov/chemidplus/rn/97729-56-1,FALSE
2020-09-22T00:53:26Z,https://chem.nlm.nih.gov/chemidplus/rn/97729-57-2,FALSE
2020-09-22T00:53:44Z,https://chem.nlm.nih.gov/chemidplus/rn/1829512-40-4,FALSE
2020-09-22T00:53:51Z,https://chem.nlm.nih.gov/chemidplus/rn/565434-85-7,FALSE
2020-09-22T00:54:15Z,https://chem.nlm.nih.gov/chemidplus/rn/19916-73-5,FALSE
2020-09-22T00:54:39Z,https://chem.nlm.nih.gov/chemidplus/rn/372075-36-0,FALSE
2020-09-22T00:54:52Z,https://chem.nlm.nih.gov/chemidplus/rn/853426-35-4,FALSE
2020-09-22T00:55:27Z,https://chem.nlm.nih.gov/chemidplus/rn/1198-47-6,FALSE
2020-09-22T00:55:34Z,https://chem.nlm.nih.gov/chemidplus/rn/1320-87-2,FALSE
2020-09-22T00:55:41Z,https://chem.nlm.nih.gov/chemidplus/rn/789-61-7,FALSE
2020-09-22T00:56:29Z,https://chem.nlm.nih.gov/chemidplus/rn/112953-11-4,FALSE
2020-09-22T00:56:36Z,https://chem.nlm.nih.gov/chemidplus/rn/125133-74-6,FALSE
2020-09-22T00:56:55Z,https://chem.nlm.nih.gov/chemidplus/rn/341031-54-7,FALSE
2020-09-22T00:57:37Z,https://chem.nlm.nih.gov/chemidplus/rn/208599-57-9,FALSE
2020-09-22T00:57:45Z,https://chem.nlm.nih.gov/chemidplus/rn/934016-19-0,FALSE
2020-09-22T00:58:36Z,https://chem.nlm.nih.gov/chemidplus/rn/1388803-90-4,FALSE
2020-09-22T00:58:49Z,https://chem.nlm.nih.gov/chemidplus/rn/1807454-59-6,FALSE
2020-09-22T00:59:03Z,https://chem.nlm.nih.gov/chemidplus/rn/860352-01-8,FALSE
2020-09-22T00:59:27Z,https://chem.nlm.nih.gov/chemidplus/rn/1638935-72-4,FALSE
2020-09-22T00:59:40Z,https://chem.nlm.nih.gov/chemidplus/rn/1587257-96-2,FALSE
2020-09-22T01:00:05Z,https://chem.nlm.nih.gov/chemidplus/rn/1622385-42-5,FALSE
2020-09-22T01:00:28Z,https://chem.nlm.nih.gov/chemidplus/rn/1187-00-4,FALSE
2020-09-22T01:00:36Z,https://chem.nlm.nih.gov/chemidplus/rn/33447-90-4,FALSE
2020-09-22T01:00:43Z,https://chem.nlm.nih.gov/chemidplus/rn/55-93-6,FALSE
2020-09-22T01:01:28Z,https://chem.nlm.nih.gov/chemidplus/rn/9025-37-0,FALSE
2020-09-22T01:01:35Z,https://chem.nlm.nih.gov/chemidplus/rn/9027-19-4,FALSE
2020-09-22T01:01:42Z,https://chem.nlm.nih.gov/chemidplus/rn/9037-30-3,FALSE
2020-09-22T01:01:56Z,https://chem.nlm.nih.gov/chemidplus/rn/9044-93-3,FALSE
2020-09-22T01:03:11Z,https://chem.nlm.nih.gov/chemidplus/rn/2089288-03-7,FALSE
2020-09-22T01:03:46Z,https://chem.nlm.nih.gov/chemidplus/rn/1608108-91-3,FALSE
2020-09-22T01:04:00Z,https://chem.nlm.nih.gov/chemidplus/rn/1800340-40-2,FALSE
2020-09-22T01:04:13Z,https://chem.nlm.nih.gov/chemidplus/rn/110314-48-2,FALSE
2020-09-22T01:04:26Z,https://chem.nlm.nih.gov/chemidplus/rn/379274-10-9,FALSE
2020-09-22T01:04:50Z,https://chem.nlm.nih.gov/chemidplus/rn/1402837-78-8,FALSE
2020-09-22T01:05:46Z,https://chem.nlm.nih.gov/chemidplus/rn/863456-50-2,FALSE
2020-09-22T01:06:27Z,https://chem.nlm.nih.gov/chemidplus/rn/357613-86-6,FALSE
2020-09-22T01:06:40Z,https://chem.nlm.nih.gov/chemidplus/rn/380610-27-5,FALSE
2020-09-22T01:07:57Z,https://chem.nlm.nih.gov/chemidplus/rn/149647-78-9,FALSE
2020-09-22T01:08:21Z,https://chem.nlm.nih.gov/chemidplus/rn/1421438-81-4,FALSE
2020-09-22T01:11:58Z,https://chem.nlm.nih.gov/chemidplus/rn/140194-24-7,FALSE
2020-09-22T01:12:43Z,https://chem.nlm.nih.gov/chemidplus/rn/1067881-56-4,FALSE
2020-09-22T01:12:50Z,https://chem.nlm.nih.gov/chemidplus/rn/618430-39-0,FALSE
2020-09-22T01:13:57Z,https://chem.nlm.nih.gov/chemidplus/rn/1352930-11-0,FALSE
2020-09-22T01:14:04Z,https://chem.nlm.nih.gov/chemidplus/rn/873436-91-0,FALSE
2020-09-22T01:14:28Z,https://chem.nlm.nih.gov/chemidplus/rn/12542-36-8,FALSE
2020-09-22T01:14:35Z,https://chem.nlm.nih.gov/chemidplus/rn/20300-26-9,FALSE
2020-09-22T01:14:42Z,https://chem.nlm.nih.gov/chemidplus/rn/25497-49-8,FALSE
2020-09-22T01:14:49Z,https://chem.nlm.nih.gov/chemidplus/rn/303-45-7,FALSE
2020-09-22T01:14:56Z,https://chem.nlm.nih.gov/chemidplus/rn/4547-72-2,FALSE
2020-09-22T01:15:30Z,https://chem.nlm.nih.gov/chemidplus/rn/880486-59-9,FALSE
2020-09-22T01:15:55Z,https://chem.nlm.nih.gov/chemidplus/rn/382180-17-8,FALSE
2020-09-22T01:16:13Z,https://chem.nlm.nih.gov/chemidplus/rn/2135600-76-7,FALSE
2020-09-22T01:17:10Z,https://chem.nlm.nih.gov/chemidplus/rn/1303607-60-4,FALSE
2020-09-22T01:18:05Z,https://chem.nlm.nih.gov/chemidplus/rn/53861-42-0,FALSE
2020-09-22T01:18:12Z,https://chem.nlm.nih.gov/chemidplus/rn/91864-32-3,FALSE
2020-09-22T01:18:19Z,https://chem.nlm.nih.gov/chemidplus/rn/92205-21-5,FALSE
2020-09-22T01:18:26Z,https://chem.nlm.nih.gov/chemidplus/rn/94118-73-7,FALSE
2020-09-22T01:19:01Z,https://chem.nlm.nih.gov/chemidplus/rn/13184-86-6,FALSE
2020-09-22T01:19:08Z,https://chem.nlm.nih.gov/chemidplus/rn/22414-91-1,FALSE
2020-09-22T01:19:15Z,https://chem.nlm.nih.gov/chemidplus/rn/56694-23-6,FALSE
2020-09-22T01:19:22Z,https://chem.nlm.nih.gov/chemidplus/rn/63138-91-0,FALSE
2020-09-22T01:19:41Z,https://chem.nlm.nih.gov/chemidplus/rn/1403254-99-8,FALSE
2020-09-22T01:19:48Z,https://chem.nlm.nih.gov/chemidplus/rn/1403255-00-4,FALSE
2020-09-22T01:19:55Z,https://chem.nlm.nih.gov/chemidplus/rn/1403255-87-7,FALSE
2020-09-22T01:20:02Z,https://chem.nlm.nih.gov/chemidplus/rn/1403255-88-8,FALSE
2020-09-22T01:20:09Z,https://chem.nlm.nih.gov/chemidplus/rn/1467052-75-0,FALSE
2020-09-22T01:21:16Z,https://chem.nlm.nih.gov/chemidplus/rn/541502-14-1,FALSE
2020-09-22T01:21:28Z,https://chem.nlm.nih.gov/chemidplus/rn/1160-90-3,FALSE
2020-09-22T01:21:35Z,https://chem.nlm.nih.gov/chemidplus/rn/1465-26-5,FALSE
2020-09-22T01:21:42Z,https://chem.nlm.nih.gov/chemidplus/rn/3223-07-2,FALSE
2020-09-22T01:22:00Z,https://chem.nlm.nih.gov/chemidplus/rn/1005342-46-0,FALSE
2020-09-22T01:22:13Z,https://chem.nlm.nih.gov/chemidplus/rn/1145859-64-8,FALSE
2020-09-22T01:23:04Z,https://chem.nlm.nih.gov/chemidplus/rn/1246560-33-7,FALSE
2020-09-22T01:24:02Z,https://chem.nlm.nih.gov/chemidplus/rn/2329692-74-0,FALSE
2020-09-22T01:24:25Z,https://chem.nlm.nih.gov/chemidplus/rn/160612-45-3,FALSE
2020-09-22T01:24:38Z,https://chem.nlm.nih.gov/chemidplus/rn/2361013-28-5,FALSE
2020-09-22T01:24:46Z,https://chem.nlm.nih.gov/chemidplus/rn/2361013-29-6,FALSE
2020-09-22T01:24:53Z,https://chem.nlm.nih.gov/chemidplus/rn/2367001-70-3,FALSE
2020-09-22T01:25:05Z,https://chem.nlm.nih.gov/chemidplus/rn/4687-94-9,FALSE
2020-09-22T01:25:18Z,https://chem.nlm.nih.gov/chemidplus/rn/1654820-87-7,FALSE
2020-09-22T01:25:25Z,https://chem.nlm.nih.gov/chemidplus/rn/1787294-07-8,FALSE
2020-09-22T01:25:32Z,https://chem.nlm.nih.gov/chemidplus/rn/1838132-93-6,FALSE
2020-09-22T01:25:39Z,https://chem.nlm.nih.gov/chemidplus/rn/1838132-94-7,FALSE
2020-09-22T01:27:01Z,https://chem.nlm.nih.gov/chemidplus/rn/1485081-34-2,FALSE
2020-09-22T01:27:08Z,https://chem.nlm.nih.gov/chemidplus/rn/1485081-57-9,FALSE
2020-09-22T01:27:15Z,https://chem.nlm.nih.gov/chemidplus/rn/414864-00-9,FALSE
2020-09-22T01:27:22Z,https://chem.nlm.nih.gov/chemidplus/rn/866323-14-0,FALSE
2020-09-22T01:27:29Z,https://chem.nlm.nih.gov/chemidplus/rn/866323-87-7,FALSE
2020-09-22T01:27:42Z,https://chem.nlm.nih.gov/chemidplus/rn/219685-50-4,FALSE
2020-09-22T01:28:17Z,https://chem.nlm.nih.gov/chemidplus/rn/112-42-5,FALSE
2020-09-22T01:28:24Z,https://chem.nlm.nih.gov/chemidplus/rn/1176-49-4,FALSE
2020-09-22T01:28:31Z,https://chem.nlm.nih.gov/chemidplus/rn/687-51-4,FALSE
2020-09-22T01:28:37Z,https://chem.nlm.nih.gov/chemidplus/rn/760-67-8,FALSE
2020-09-22T01:28:44Z,https://chem.nlm.nih.gov/chemidplus/rn/95-02-3,FALSE
2020-09-22T01:29:41Z,https://chem.nlm.nih.gov/chemidplus/rn/1374853-91-4,FALSE
2020-09-22T01:30:42Z,https://chem.nlm.nih.gov/chemidplus/rn/104959-35-5,FALSE
2020-09-22T01:31:38Z,https://chem.nlm.nih.gov/chemidplus/rn/494-79-1,FALSE
2020-09-22T01:31:50Z,https://chem.nlm.nih.gov/chemidplus/rn/328056-98-0,FALSE
2020-09-22T01:32:51Z,https://chem.nlm.nih.gov/chemidplus/rn/17925-90-5,FALSE
2020-09-22T01:32:58Z,https://chem.nlm.nih.gov/chemidplus/rn/64038-56-8,FALSE
2020-09-22T01:33:05Z,https://chem.nlm.nih.gov/chemidplus/rn/82839-23-4,FALSE
2020-09-22T01:33:29Z,https://chem.nlm.nih.gov/chemidplus/rn/1644090-37-8,FALSE
2020-09-22T01:34:08Z,https://chem.nlm.nih.gov/chemidplus/rn/160903-17-3,FALSE
2020-09-22T01:34:15Z,https://chem.nlm.nih.gov/chemidplus/rn/190396-06-6,FALSE
2020-09-22T01:34:28Z,https://chem.nlm.nih.gov/chemidplus/rn/1071992-99-8,FALSE
2020-09-22T01:35:24Z,https://chem.nlm.nih.gov/chemidplus/rn/181630-15-9,FALSE
2020-09-22T01:35:53Z,https://chem.nlm.nih.gov/chemidplus/rn/390745-19-4,FALSE
2020-09-22T01:36:11Z,https://chem.nlm.nih.gov/chemidplus/rn/943453-46-1,FALSE
2020-09-22T01:36:30Z,https://chem.nlm.nih.gov/chemidplus/rn/1256585-14-4,FALSE
2020-09-22T01:36:37Z,https://chem.nlm.nih.gov/chemidplus/rn/1256589-74-8,FALSE
2020-09-22T01:37:11Z,https://chem.nlm.nih.gov/chemidplus/rn/113759-19-6,FALSE
2020-09-22T01:37:18Z,https://chem.nlm.nih.gov/chemidplus/rn/658-48-0,FALSE
2020-09-22T01:38:27Z,https://chem.nlm.nih.gov/chemidplus/rn/110417-88-4,FALSE
2020-09-22T01:39:23Z,https://chem.nlm.nih.gov/chemidplus/rn/174254-13-8,FALSE
2020-09-22T01:41:19Z,https://chem.nlm.nih.gov/chemidplus/rn/606143-89-9,FALSE
2020-09-22T01:41:37Z,https://chem.nlm.nih.gov/chemidplus/rn/1092973-94-8,FALSE
2020-09-22T01:41:44Z,https://chem.nlm.nih.gov/chemidplus/rn/1092973-96-0,FALSE
2020-09-22T01:42:03Z,https://chem.nlm.nih.gov/chemidplus/rn/65886-71-7,FALSE
2020-09-22T01:42:35Z,https://chem.nlm.nih.gov/chemidplus/rn/27314-97-2,FALSE
2020-09-22T01:43:37Z,https://chem.nlm.nih.gov/chemidplus/rn/1831098-91-9,FALSE
2020-09-22T01:43:50Z,https://chem.nlm.nih.gov/chemidplus/rn/144875-48-9,FALSE
2020-09-22T01:44:41Z,https://chem.nlm.nih.gov/chemidplus/rn/1369761-01-2,FALSE
2020-09-22T01:45:00Z,https://chem.nlm.nih.gov/chemidplus/rn/606143-88-8,FALSE
2020-09-22T01:45:24Z,https://chem.nlm.nih.gov/chemidplus/rn/1682749-68-3,FALSE
2020-09-22T01:46:02Z,https://chem.nlm.nih.gov/chemidplus/rn/1029873-02-6,FALSE
2020-09-22T01:46:15Z,https://chem.nlm.nih.gov/chemidplus/rn/353525-62-9,FALSE
2020-09-22T01:46:29Z,https://chem.nlm.nih.gov/chemidplus/rn/391210-10-9,FALSE
2020-09-22T01:46:58Z,https://chem.nlm.nih.gov/chemidplus/rn/120511-72-0,FALSE
2020-09-22T01:47:05Z,https://chem.nlm.nih.gov/chemidplus/rn/120511-73-1,FALSE
2020-09-22T01:47:11Z,https://chem.nlm.nih.gov/chemidplus/rn/120511-84-4,FALSE
2020-09-22T01:47:18Z,https://chem.nlm.nih.gov/chemidplus/rn/120511-88-8,FALSE
2020-09-22T01:47:25Z,https://chem.nlm.nih.gov/chemidplus/rn/120511-91-3,FALSE
2020-09-22T01:47:38Z,https://chem.nlm.nih.gov/chemidplus/rn/135567-49-6,FALSE
2020-09-22T01:47:45Z,https://chem.nlm.nih.gov/chemidplus/rn/879492-57-6,FALSE
2020-09-22T01:48:10Z,https://chem.nlm.nih.gov/chemidplus/rn/1956378-23-6,FALSE
2020-09-22T01:48:23Z,https://chem.nlm.nih.gov/chemidplus/rn/947687-13-0,FALSE
2020-09-22T01:49:02Z,https://chem.nlm.nih.gov/chemidplus/rn/1032900-25-6,FALSE
2020-09-22T01:49:26Z,https://chem.nlm.nih.gov/chemidplus/rn/13309-27-8,FALSE
2020-09-22T01:49:40Z,https://chem.nlm.nih.gov/chemidplus/rn/3352-69-0,FALSE
2020-09-22T01:50:42Z,https://chem.nlm.nih.gov/chemidplus/rn/292620-90-7,FALSE
2020-09-22T01:51:10Z,https://chem.nlm.nih.gov/chemidplus/rn/1423715-37-0,FALSE
2020-09-22T01:51:17Z,https://chem.nlm.nih.gov/chemidplus/rn/2044953-70-8,FALSE
2020-09-22T01:51:58Z,https://chem.nlm.nih.gov/chemidplus/rn/183387-50-0,FALSE
2020-09-22T01:52:16Z,https://chem.nlm.nih.gov/chemidplus/rn/80576-83-6,FALSE
2020-09-22T01:53:43Z,https://chem.nlm.nih.gov/chemidplus/rn/1046827-43-3,FALSE
2020-09-22T01:54:17Z,https://chem.nlm.nih.gov/chemidplus/rn/1211443-80-9,FALSE
2020-09-22T01:54:36Z,https://chem.nlm.nih.gov/chemidplus/rn/1448584-12-0,FALSE
2020-09-22T01:54:59Z,https://chem.nlm.nih.gov/chemidplus/rn/610318-03-1,FALSE
2020-09-22T01:55:06Z,https://chem.nlm.nih.gov/chemidplus/rn/610318-54-2,FALSE
2020-09-22T01:55:30Z,https://chem.nlm.nih.gov/chemidplus/rn/120685-11-2,FALSE
2020-09-22T01:56:31Z,https://chem.nlm.nih.gov/chemidplus/rn/238750-77-1,FALSE
2020-09-22T01:57:02Z,https://chem.nlm.nih.gov/chemidplus/rn/1894272-37-7,FALSE
2020-09-22T01:57:42Z,https://chem.nlm.nih.gov/chemidplus/rn/437742-34-2,FALSE
2020-09-22T01:58:05Z,https://chem.nlm.nih.gov/chemidplus/rn/173722-92-4,FALSE
2020-09-22T01:59:32Z,https://chem.nlm.nih.gov/chemidplus/rn/1820833-75-7,FALSE
2020-09-22T01:59:40Z,https://chem.nlm.nih.gov/chemidplus/rn/1858211-28-5,FALSE
2020-09-22T01:59:53Z,https://chem.nlm.nih.gov/chemidplus/rn/210644-62-5,FALSE
2020-09-22T02:03:16Z,https://chem.nlm.nih.gov/chemidplus/rn/679818-59-8,FALSE
2020-09-22T02:04:09Z,https://chem.nlm.nih.gov/chemidplus/rn/1260907-17-2,FALSE
2020-09-22T02:04:21Z,https://chem.nlm.nih.gov/chemidplus/rn/1895049-20-3,FALSE
2020-09-22T02:06:29Z,https://chem.nlm.nih.gov/chemidplus/rn/439943-59-6,FALSE
2020-09-22T02:07:02Z,https://chem.nlm.nih.gov/chemidplus/rn/1369665-02-0,FALSE
2020-09-22T02:07:14Z,https://chem.nlm.nih.gov/chemidplus/rn/2171499-81-1,FALSE
2020-09-22T02:07:26Z,https://chem.nlm.nih.gov/chemidplus/rn/934660-93-2,FALSE
2020-09-22T02:09:53Z,https://chem.nlm.nih.gov/chemidplus/rn/658052-09-6,FALSE
2020-09-22T02:10:47Z,https://chem.nlm.nih.gov/chemidplus/rn/641569-94-0,FALSE
2020-09-22T02:11:21Z,https://chem.nlm.nih.gov/chemidplus/rn/923288-95-3,FALSE
2020-09-22T02:11:33Z,https://chem.nlm.nih.gov/chemidplus/rn/923289-71-8,FALSE
2020-09-22T02:11:56Z,https://chem.nlm.nih.gov/chemidplus/rn/1800398-38-2,FALSE
2020-09-22T02:13:23Z,https://chem.nlm.nih.gov/chemidplus/rn/1442472-39-0,FALSE
2020-09-22T02:13:46Z,https://chem.nlm.nih.gov/chemidplus/rn/1859053-21-6,FALSE
2020-09-22T02:16:13Z,https://chem.nlm.nih.gov/chemidplus/rn/1639042-08-2,FALSE
2020-09-22T02:16:36Z,https://chem.nlm.nih.gov/chemidplus/rn/320-67-2,FALSE
2020-09-22T02:18:10Z,https://chem.nlm.nih.gov/chemidplus/rn/2218515-90-1,FALSE
2020-09-22T02:19:14Z,https://chem.nlm.nih.gov/chemidplus/rn/1396006-47-5,FALSE
2020-09-22T02:21:00Z,https://chem.nlm.nih.gov/chemidplus/rn/908115-27-5,FALSE
2020-09-22T02:21:44Z,https://chem.nlm.nih.gov/chemidplus/rn/1635395-27-5,FALSE
2020-09-22T02:22:06Z,https://chem.nlm.nih.gov/chemidplus/rn/131-06-6,FALSE
2020-09-22T02:22:18Z,https://chem.nlm.nih.gov/chemidplus/rn/591-36-6,FALSE
2020-09-22T02:23:01Z,https://chem.nlm.nih.gov/chemidplus/rn/1032349-77-1,FALSE
2020-09-22T02:23:46Z,https://chem.nlm.nih.gov/chemidplus/rn/137281-39-1,FALSE
2020-09-22T02:23:58Z,https://chem.nlm.nih.gov/chemidplus/rn/193281-00-4,FALSE
2020-09-22T02:27:50Z,https://chem.nlm.nih.gov/chemidplus/rn/106287-81-4,FALSE
2020-09-22T02:30:11Z,https://chem.nlm.nih.gov/chemidplus/rn/35925-21-4,FALSE
2020-09-22T02:30:28Z,https://chem.nlm.nih.gov/chemidplus/rn/53714-56-0,FALSE
2020-09-22T02:31:01Z,https://chem.nlm.nih.gov/chemidplus/rn/944347-41-5,FALSE
2020-09-22T02:32:04Z,https://chem.nlm.nih.gov/chemidplus/rn/872514-65-3,FALSE
2020-09-22T02:35:12Z,https://chem.nlm.nih.gov/chemidplus/rn/16506-27-7,FALSE
2020-09-22T02:35:44Z,https://chem.nlm.nih.gov/chemidplus/rn/3543-75-7,FALSE
2020-09-22T02:36:01Z,https://chem.nlm.nih.gov/chemidplus/rn/41515-13-3,FALSE
2020-09-22T02:38:21Z,https://chem.nlm.nih.gov/chemidplus/rn/1443016-81-6,FALSE
2020-09-22T02:53:36Z,https://chem.nlm.nih.gov/chemidplus/rn/558480-40-3,FALSE
2020-09-22T02:55:12Z,https://chem.nlm.nih.gov/chemidplus/rn/811442-46-3,FALSE
2020-09-22T02:57:47Z,https://chem.nlm.nih.gov/chemidplus/rn/867160-71-2,FALSE
2020-09-22T02:58:07Z,https://chem.nlm.nih.gov/chemidplus/rn/5638-57-3,FALSE
2020-09-22T03:21:25Z,https://chem.nlm.nih.gov/chemidplus/rn/934246-14-7,FALSE
2020-09-22T03:43:36Z,https://chem.nlm.nih.gov/chemidplus/rn/183133-96-2,FALSE
2020-09-22T03:59:05Z,https://chem.nlm.nih.gov/chemidplus/rn/497871-47-3,FALSE
2020-09-22T04:00:16Z,https://chem.nlm.nih.gov/chemidplus/rn/2230138-89-1,FALSE
2020-09-22T04:03:18Z,https://chem.nlm.nih.gov/chemidplus/rn/1613144-80-1,FALSE
2020-09-22T04:03:38Z,https://chem.nlm.nih.gov/chemidplus/rn/780758-10-3,FALSE
2020-09-22T04:08:58Z,https://chem.nlm.nih.gov/chemidplus/rn/90825-43-7,FALSE
2020-09-22T04:11:59Z,https://chem.nlm.nih.gov/chemidplus/rn/184475-35-2,FALSE
2020-09-22T04:13:55Z,https://chem.nlm.nih.gov/chemidplus/rn/51-28-5,FALSE
2020-09-22T04:16:40Z,https://chem.nlm.nih.gov/chemidplus/rn/915087-33-1,FALSE
2020-09-22T04:17:04Z,https://chem.nlm.nih.gov/chemidplus/rn/2050232-20-5,FALSE
2020-09-22T04:17:17Z,https://chem.nlm.nih.gov/chemidplus/rn/187739-60-2,FALSE
2020-09-22T04:17:24Z,https://chem.nlm.nih.gov/chemidplus/rn/99519-84-3,FALSE
2020-09-22T04:22:45Z,https://chem.nlm.nih.gov/chemidplus/rn/10138-52-0,FALSE
2020-09-22T04:22:52Z,https://chem.nlm.nih.gov/chemidplus/rn/1088-79-5,FALSE
2020-09-22T04:22:59Z,https://chem.nlm.nih.gov/chemidplus/rn/9032-28-4,FALSE
2020-09-22T04:23:06Z,https://chem.nlm.nih.gov/chemidplus/rn/96-23-1,FALSE
2020-09-22T04:23:13Z,https://chem.nlm.nih.gov/chemidplus/rn/97-23-4,FALSE
2020-09-22T04:30:42Z,https://chem.nlm.nih.gov/chemidplus/rn/700874-72-2,FALSE
2020-09-22T04:30:49Z,https://chem.nlm.nih.gov/chemidplus/rn/924898-09-9,FALSE
2020-09-22T04:31:49Z,https://chem.nlm.nih.gov/chemidplus/rn/2022215-59-2,FALSE
2020-09-22T04:32:02Z,https://chem.nlm.nih.gov/chemidplus/rn/104-54-1,FALSE
2020-09-22T04:32:09Z,https://chem.nlm.nih.gov/chemidplus/rn/78-37-5,FALSE
2020-09-22T04:35:05Z,https://chem.nlm.nih.gov/chemidplus/rn/1918185-84-8,FALSE
2020-09-22T04:36:49Z,https://chem.nlm.nih.gov/chemidplus/rn/9014-42-0,FALSE
2020-09-22T04:36:56Z,https://chem.nlm.nih.gov/chemidplus/rn/9061-61-4,FALSE
2020-09-22T04:42:34Z,https://chem.nlm.nih.gov/chemidplus/rn/863127-77-9,FALSE
2020-09-22T04:49:42Z,https://chem.nlm.nih.gov/chemidplus/rn/66640-93-5,FALSE
2020-09-22T04:49:50Z,https://chem.nlm.nih.gov/chemidplus/rn/68278-23-9,FALSE
2020-09-22T04:51:57Z,https://chem.nlm.nih.gov/chemidplus/rn/1404-00-8,FALSE
2020-09-22T04:56:36Z,https://chem.nlm.nih.gov/chemidplus/rn/2209911-94-2,FALSE
2020-09-22T05:01:46Z,https://chem.nlm.nih.gov/chemidplus/rn/1673516-98-7,FALSE
2020-09-22T05:06:33Z,https://chem.nlm.nih.gov/chemidplus/rn/936563-96-1,FALSE
2020-09-22T05:08:25Z,https://chem.nlm.nih.gov/chemidplus/rn/1802360-06-0,FALSE
2020-09-22T05:09:26Z,https://chem.nlm.nih.gov/chemidplus/rn/934823-49-1,FALSE
2020-09-22T05:11:41Z,https://chem.nlm.nih.gov/chemidplus/rn/1258861-20-9,FALSE
2020-09-22T05:17:06Z,https://chem.nlm.nih.gov/chemidplus/rn/923564-51-6,FALSE
2020-09-22T05:18:02Z,https://chem.nlm.nih.gov/chemidplus/rn/74-96-4,FALSE
2020-09-22T05:18:09Z,https://chem.nlm.nih.gov/chemidplus/rn/78-93-3,FALSE
2020-09-22T05:19:17Z,https://chem.nlm.nih.gov/chemidplus/rn/1245018-66-9,FALSE
2020-09-22T05:19:25Z,https://chem.nlm.nih.gov/chemidplus/rn/1245018-68-1,FALSE
2020-09-22T05:19:32Z,https://chem.nlm.nih.gov/chemidplus/rn/288383-20-0,FALSE
2020-09-22T05:19:39Z,https://chem.nlm.nih.gov/chemidplus/rn/857036-77-2,FALSE
2020-09-22T05:24:06Z,https://chem.nlm.nih.gov/chemidplus/rn/179237-49-1,FALSE
2020-09-22T05:25:34Z,https://chem.nlm.nih.gov/chemidplus/rn/1401998-36-4,FALSE
2020-09-22T05:26:53Z,https://chem.nlm.nih.gov/chemidplus/rn/1622140-49-1,FALSE
2020-09-22T05:33:38Z,https://chem.nlm.nih.gov/chemidplus/rn/263351-82-2,FALSE
2020-09-22T05:36:22Z,https://chem.nlm.nih.gov/chemidplus/rn/1448221-67-7,FALSE
2020-09-22T05:36:57Z,https://chem.nlm.nih.gov/chemidplus/rn/1436390-64-5,FALSE
2020-09-22T05:43:06Z,https://chem.nlm.nih.gov/chemidplus/rn/1707-95-5,FALSE
2020-09-22T05:43:13Z,https://chem.nlm.nih.gov/chemidplus/rn/289-68-9,FALSE
2020-09-22T05:43:20Z,https://chem.nlm.nih.gov/chemidplus/rn/486-84-0,FALSE
2020-09-22T05:43:28Z,https://chem.nlm.nih.gov/chemidplus/rn/637-31-0,FALSE
2020-09-22T05:43:34Z,https://chem.nlm.nih.gov/chemidplus/rn/83-12-5,FALSE
2020-09-22T05:44:16Z,https://chem.nlm.nih.gov/chemidplus/rn/1693758-51-8,FALSE
2020-09-22T05:44:36Z,https://chem.nlm.nih.gov/chemidplus/rn/1254053-43-4,FALSE
2020-09-22T05:49:02Z,https://chem.nlm.nih.gov/chemidplus/rn/912444-00-9,FALSE
2020-09-22T05:49:43Z,https://chem.nlm.nih.gov/chemidplus/rn/1028486-04-5,FALSE
2020-09-22T05:49:50Z,https://chem.nlm.nih.gov/chemidplus/rn/1028486-06-7,FALSE
2020-09-22T05:54:18Z,https://chem.nlm.nih.gov/chemidplus/rn/763113-22-0,FALSE
2020-09-22T05:56:19Z,https://chem.nlm.nih.gov/chemidplus/rn/1228763-95-8,FALSE
2020-09-22T06:04:14Z,https://chem.nlm.nih.gov/chemidplus/rn/138463-95-3,FALSE
2020-09-22T06:05:16Z,https://chem.nlm.nih.gov/chemidplus/rn/918127-53-4,FALSE
2020-09-22T06:07:29Z,https://chem.nlm.nih.gov/chemidplus/rn/1234015-54-3,FALSE
2020-09-22T06:07:36Z,https://chem.nlm.nih.gov/chemidplus/rn/1234015-55-4,FALSE
2020-09-22T06:07:43Z,https://chem.nlm.nih.gov/chemidplus/rn/1234015-57-6,FALSE
2020-09-22T06:09:27Z,https://chem.nlm.nih.gov/chemidplus/rn/1345847-93-9,FALSE
2020-09-22T06:12:40Z,https://chem.nlm.nih.gov/chemidplus/rn/3543-74-6,FALSE
2020-09-22T06:13:00Z,https://chem.nlm.nih.gov/chemidplus/rn/87475-54-5,FALSE
2020-09-22T06:20:24Z,https://chem.nlm.nih.gov/chemidplus/rn/1310746-11-2,FALSE
2020-09-22T06:22:11Z,https://chem.nlm.nih.gov/chemidplus/rn/5786-56-1,FALSE
2020-09-22T06:24:30Z,https://chem.nlm.nih.gov/chemidplus/rn/125005-66-5,FALSE
2020-09-22T06:24:37Z,https://chem.nlm.nih.gov/chemidplus/rn/130332-27-3,FALSE
2020-09-22T06:24:44Z,https://chem.nlm.nih.gov/chemidplus/rn/4261-27-2,FALSE
2020-09-22T06:24:51Z,https://chem.nlm.nih.gov/chemidplus/rn/500-98-1,FALSE
2020-09-22T06:29:55Z,https://chem.nlm.nih.gov/chemidplus/rn/137630-08-1,FALSE
2020-09-22T06:30:02Z,https://chem.nlm.nih.gov/chemidplus/rn/23048-75-1,FALSE
2020-09-22T06:30:08Z,https://chem.nlm.nih.gov/chemidplus/rn/3194-15-8,FALSE
2020-09-22T06:30:15Z,https://chem.nlm.nih.gov/chemidplus/rn/9004-32-4,FALSE
2020-09-22T06:30:22Z,https://chem.nlm.nih.gov/chemidplus/rn/99674-26-7,FALSE
2020-09-22T06:31:07Z,https://chem.nlm.nih.gov/chemidplus/rn/1456608-94-8,FALSE
